{
  "commandId": "package",
  "command": "npm run package && node .harness/v7/loop/package-check.mjs '/Users/jeongyounglee/work/repo/desktop-monster/.agentdoc/v07-setup-20260911T122653Z'/evidence/package/package.json release/mac-arm64/DesMon.app",
  "exitCode": 0,
  "sourceDigest": "84e911f949feb04569668a77869ad43913dce1bf45c9afd34c9ff6cd239cc131",
  "endedDigest": "84e911f949feb04569668a77869ad43913dce1bf45c9afd34c9ff6cd239cc131",
  "evaluationDigest": "c27f89371f34647649fd442fffd3b13849b7c20060409210fbe0ca62b90d6d2d",
  "endedEvaluationDigest": "c27f89371f34647649fd442fffd3b13849b7c20060409210fbe0ca62b90d6d2d",
  "filesHash": {
    "README.md": "f046d5ad2866b7b55905564af664b8009dc8d2fc12976843e3c02f11fd3486ef",
    "docs/v0.7/ACCEPTANCE.md": "757b57456f3b4f26a42e96589e892cb52cdc9f34de4d782f18ae6faa34a54932",
    "docs/v0.7/HANDOFF.md": "a8bba17e9da85b6bf264b4df25a60fbd66550a948c9fff9c7c946c45f6f8eec2"
  },
  "endedFilesHash": {
    "README.md": "f046d5ad2866b7b55905564af664b8009dc8d2fc12976843e3c02f11fd3486ef",
    "docs/v0.7/ACCEPTANCE.md": "757b57456f3b4f26a42e96589e892cb52cdc9f34de4d782f18ae6faa34a54932",
    "docs/v0.7/HANDOFF.md": "a8bba17e9da85b6bf264b4df25a60fbd66550a948c9fff9c7c946c45f6f8eec2"
  },
  "artifacts": {
    "/Users/jeongyounglee/work/repo/desktop-monster/.agentdoc/v07-setup-20260911T122653Z/evidence/package": {
      "/Users/jeongyounglee/work/repo/desktop-monster/.agentdoc/v07-setup-20260911T122653Z/evidence/package/package.json": "59bd5bbdac94dbbe2f672f6e5d9b1d7f4225be0bfb6341928ff4f15fca9347ae",
      "/Users/jeongyounglee/work/repo/desktop-monster/.agentdoc/v07-setup-20260911T122653Z/evidence/package/package.json.after-restart.json": "17ad2c5b320284d05fc978ba3c0d5b29496fce2b0d5a0db1568a8a3f9562ba0e",
      "/Users/jeongyounglee/work/repo/desktop-monster/.agentdoc/v07-setup-20260911T122653Z/evidence/package/package.json.before-restart.json": "e515608877c3303e74ef7c16a7be6992384222207a9fbb89b409f4de66cdeecf",
      "/Users/jeongyounglee/work/repo/desktop-monster/.agentdoc/v07-setup-20260911T122653Z/evidence/package/package.json.first.log": "e24b4d88e0c29fde87bed91b4d525fba5a6882e7983065cd8a806e5118507c07",
      "/Users/jeongyounglee/work/repo/desktop-monster/.agentdoc/v07-setup-20260911T122653Z/evidence/package/package.json.legacy-fixture.json": "6beb0c05c8226f7a09f5bcaadcf7560ac68bb98837f5d7fba11e5f8d4fdd0a08",
      "/Users/jeongyounglee/work/repo/desktop-monster/.agentdoc/v07-setup-20260911T122653Z/evidence/package/package.json.legacy.log": "b6c9d968ebd303fa5e8b2b2fd67bcd9565621f50b730707686eb336b1373feec",
      "/Users/jeongyounglee/work/repo/desktop-monster/.agentdoc/v07-setup-20260911T122653Z/evidence/package/package.json.menu.png": "f44f369220b93f7dfff80c1cfed2efd6d2b82f7305a4a411ae077c6f79462d31",
      "/Users/jeongyounglee/work/repo/desktop-monster/.agentdoc/v07-setup-20260911T122653Z/evidence/package/package.json.restart.log": "fdd10e2521857aba0376f6aae3c90f788d3b8fa7b21905a9f1b23f07e828b2a5",
      "/Users/jeongyounglee/work/repo/desktop-monster/.agentdoc/v07-setup-20260911T122653Z/evidence/package/package.json.smoke.log": "6bf54304794dbfec583c1803a48b575e8ebbcae31cb0c67f49a47ab49c312635"
    },
    "/Users/jeongyounglee/work/repo/desktop-monster/release": {
      "/Users/jeongyounglee/work/repo/desktop-monster/release/DesMon-0.1.0-arm64.dmg": "5f2bbaf08439ec102252cd26bc1dc2256e9a90204c977ad91c35f64b13a4c3df",
      "/Users/jeongyounglee/work/repo/desktop-monster/release/DesMon-0.1.0-arm64.dmg.blockmap": "3154509dc684d364d302439b0dea636a3467e7e391e2939fd14e811a06d28d02",
      "/Users/jeongyounglee/work/repo/desktop-monster/release/DesMon-0.2.0-arm64.dmg": "96b42e7ed77914fb1738f8076214f4309a0c31261c39ca91f3229b1b4e0ca07f",
      "/Users/jeongyounglee/work/repo/desktop-monster/release/DesMon-0.2.0-arm64.dmg.blockmap": "0643b813f70e7ab2c3220e7cde8808eab307a32d443aabeeaaa32d5890db4e2c",
      "/Users/jeongyounglee/work/repo/desktop-monster/release/DesMon-0.3.0-arm64.dmg": "fee744bff2ea22ef6ac22510065ab38c93f4b134910a7c8fb295c87914c16930",
      "/Users/jeongyounglee/work/repo/desktop-monster/release/DesMon-0.3.0-arm64.dmg.blockmap": "abf59f02764e1d4ddd8154f99d95663674e7ba73f3f8a0d1b0db61c1f2b5b037",
      "/Users/jeongyounglee/work/repo/desktop-monster/release/DesMon-0.4.0-arm64.dmg": "d27054e40e3e6a291b2ec11632cd3ab311218fc82af4ac1b229fe4de4f7406bf",
      "/Users/jeongyounglee/work/repo/desktop-monster/release/DesMon-0.4.0-arm64.dmg.blockmap": "d32c47b429e09014a1ef1c48fbd8092c0d64fff271fcfab5da860d382acad4a2",
      "/Users/jeongyounglee/work/repo/desktop-monster/release/DesMon-0.6.0-arm64.dmg": "e65b1914bed6457be9287f2fc8cfcb8bb8d5f97742148040f9a0a3626a86a127",
      "/Users/jeongyounglee/work/repo/desktop-monster/release/DesMon-0.6.0-arm64.dmg.blockmap": "3b4bdb937c1fef55ad515405b3c208c57c46aed4ad9e4c0e8132e217e6de45b0",
      "/Users/jeongyounglee/work/repo/desktop-monster/release/DesMon-0.7.0-arm64.dmg": "6b1b14b3f86f507116c99872b8d1538b2cf91ba8376d952cc10498175c167cbe",
      "/Users/jeongyounglee/work/repo/desktop-monster/release/DesMon-0.7.0-arm64.dmg.blockmap": "efa43ba98dc84fe233dbcc21c306c2117ad10ec88807db8aac9c6a6ff46d1db2",
      "/Users/jeongyounglee/work/repo/desktop-monster/release/builder-debug.yml": "9f65d6b10335af8dfb8ae3f8def867419494ea6a58a64908e9d58375054602cf",
      "/Users/jeongyounglee/work/repo/desktop-monster/release/latest-mac.yml": "5b19ff01a17290b68c5dc65683e0c78dbe449412d090e95dbf24d4c0a5a060ec",
      "/Users/jeongyounglee/work/repo/desktop-monster/release/mac-arm64/DesMon.app/Contents/Frameworks/DesMon Helper (GPU).app/Contents/Info.plist": "c24265ae71446985db5ca9ed24f99566ebeafafab6a01bd08aad403bc71ae254",
      "/Users/jeongyounglee/work/repo/desktop-monster/release/mac-arm64/DesMon.app/Contents/Frameworks/DesMon Helper (GPU).app/Contents/MacOS/DesMon Helper (GPU)": "ebcd59354d52a4ea3cd0c2df3e54a917f782e9ad6a08b36e50af57c11a414a83",
      "/Users/jeongyounglee/work/repo/desktop-monster/release/mac-arm64/DesMon.app/Contents/Frameworks/DesMon Helper (GPU).app/Contents/PkgInfo": "82502191c9484b04d685374f9879a0066069c49b8acae7a04b01d38d07e8eca0",
      "/Users/jeongyounglee/work/repo/desktop-monster/release/mac-arm64/DesMon.app/Contents/Frameworks/DesMon Helper (Plugin).app/Contents/Info.plist": "bb015ab455902c362b4c76811b17bb65a7c877515b7ad7766e395c119b609d26",
      "/Users/jeongyounglee/work/repo/desktop-monster/release/mac-arm64/DesMon.app/Contents/Frameworks/DesMon Helper (Plugin).app/Contents/MacOS/DesMon Helper (Plugin)": "cf33621f54b082c43410e506beb3f214ac0553c487430dab6f1fdb7eba29509e",
      "/Users/jeongyounglee/work/repo/desktop-monster/release/mac-arm64/DesMon.app/Contents/Frameworks/DesMon Helper (Plugin).app/Contents/PkgInfo": "82502191c9484b04d685374f9879a0066069c49b8acae7a04b01d38d07e8eca0",
      "/Users/jeongyounglee/work/repo/desktop-monster/release/mac-arm64/DesMon.app/Contents/Frameworks/DesMon Helper (Renderer).app/Contents/Info.plist": "3f83c331fb17edd5793836f4c58acd69892f672187ff873ee484a380876f3d0c",
      "/Users/jeongyounglee/work/repo/desktop-monster/release/mac-arm64/DesMon.app/Contents/Frameworks/DesMon Helper (Renderer).app/Contents/MacOS/DesMon Helper (Renderer)": "48dd06afbf8fd69af0f5a0275f5d7082f90a0d96ca38354f79e96634e303978b",
      "/Users/jeongyounglee/work/repo/desktop-monster/release/mac-arm64/DesMon.app/Contents/Frameworks/DesMon Helper (Renderer).app/Contents/PkgInfo": "82502191c9484b04d685374f9879a0066069c49b8acae7a04b01d38d07e8eca0",
      "/Users/jeongyounglee/work/repo/desktop-monster/release/mac-arm64/DesMon.app/Contents/Frameworks/DesMon Helper.app/Contents/Info.plist": "76987562a1233eb39e1900af3980d8c09a7d0a9035e7b8982027ea52b8a17305",
      "/Users/jeongyounglee/work/repo/desktop-monster/release/mac-arm64/DesMon.app/Contents/Frameworks/DesMon Helper.app/Contents/MacOS/DesMon Helper": "bca9df4819b7f0fa1eed46b497bdee460e1e22888f25f4c5fa949b198a4e15f0",
      "/Users/jeongyounglee/work/repo/desktop-monster/release/mac-arm64/DesMon.app/Contents/Frameworks/DesMon Helper.app/Contents/PkgInfo": "82502191c9484b04d685374f9879a0066069c49b8acae7a04b01d38d07e8eca0",
      "/Users/jeongyounglee/work/repo/desktop-monster/release/mac-arm64/DesMon.app/Contents/Frameworks/Electron Framework.framework/Electron Framework": "1d60f89ab52e18d54a57fe4739cfdcc44c295c42bc115b86f74aabc1e6dc08c7",
      "/Users/jeongyounglee/work/repo/desktop-monster/release/mac-arm64/DesMon.app/Contents/Frameworks/Electron Framework.framework/Helpers/chrome_crashpad_handler": "368b8926ba024eec440267d797ed5b4b7b5d81f48eade5226982efa86351d976",
      "/Users/jeongyounglee/work/repo/desktop-monster/release/mac-arm64/DesMon.app/Contents/Frameworks/Electron Framework.framework/Libraries/libEGL.dylib": "797ef38a89fe3e6b6f98ac7f9d883192e9ea94cbb7c7e0dd8cd5fb31a3040892",
      "/Users/jeongyounglee/work/repo/desktop-monster/release/mac-arm64/DesMon.app/Contents/Frameworks/Electron Framework.framework/Libraries/libGLESv2.dylib": "01908d41413b017496d5fbfb21b7503302cc0190283a335c67eae09a9266275d",
      "/Users/jeongyounglee/work/repo/desktop-monster/release/mac-arm64/DesMon.app/Contents/Frameworks/Electron Framework.framework/Libraries/libffmpeg.dylib": "4286cff0266f57aae1b4161d0d933fc8acde79f8f98500f32e52d0d492fd513f",
      "/Users/jeongyounglee/work/repo/desktop-monster/release/mac-arm64/DesMon.app/Contents/Frameworks/Electron Framework.framework/Libraries/libvk_swiftshader.dylib": "9f6ed47ff70d8d3166801ed475cb079f501a026a2e280677c4d8a62d2ca0b7c8",
      "/Users/jeongyounglee/work/repo/desktop-monster/release/mac-arm64/DesMon.app/Contents/Frameworks/Electron Framework.framework/Libraries/vk_swiftshader_icd.json": "d717d915e31e7c27948b80b36ab34e2d897888114c5c7d0af835f93eb53e58f5",
      "/Users/jeongyounglee/work/repo/desktop-monster/release/mac-arm64/DesMon.app/Contents/Frameworks/Electron Framework.framework/Resources/Info.plist": "3db0404c33ccecae88cc9566c0eab44c106845579f31e5cd51e5873f971d7c46",
      "/Users/jeongyounglee/work/repo/desktop-monster/release/mac-arm64/DesMon.app/Contents/Frameworks/Electron Framework.framework/Resources/MainMenu.nib": "4b2168de2d6d9a09b20faaa23139d5f25f73b2595671de25872d191b6939d819",
      "/Users/jeongyounglee/work/repo/desktop-monster/release/mac-arm64/DesMon.app/Contents/Frameworks/Electron Framework.framework/Resources/af.lproj/locale.pak": "69adfacdd22c92385592a225e96d4991ef7cb43deab175390b63f4ea344a270c",
      "/Users/jeongyounglee/work/repo/desktop-monster/release/mac-arm64/DesMon.app/Contents/Frameworks/Electron Framework.framework/Resources/af_FEMININE.lproj/locale.pak": "ca73097bd968b363b7145e86b64f3c595e533808b0763dc8863a27fc363cfa51",
      "/Users/jeongyounglee/work/repo/desktop-monster/release/mac-arm64/DesMon.app/Contents/Frameworks/Electron Framework.framework/Resources/af_MASCULINE.lproj/locale.pak": "ca73097bd968b363b7145e86b64f3c595e533808b0763dc8863a27fc363cfa51",
      "/Users/jeongyounglee/work/repo/desktop-monster/release/mac-arm64/DesMon.app/Contents/Frameworks/Electron Framework.framework/Resources/af_NEUTER.lproj/locale.pak": "ca73097bd968b363b7145e86b64f3c595e533808b0763dc8863a27fc363cfa51",
      "/Users/jeongyounglee/work/repo/desktop-monster/release/mac-arm64/DesMon.app/Contents/Frameworks/Electron Framework.framework/Resources/am.lproj/locale.pak": "96daa068b61cd58ea915ba611f583c599f6f7f941b8107bf02b04df0c56f5f01",
      "/Users/jeongyounglee/work/repo/desktop-monster/release/mac-arm64/DesMon.app/Contents/Frameworks/Electron Framework.framework/Resources/am_FEMININE.lproj/locale.pak": "ca73097bd968b363b7145e86b64f3c595e533808b0763dc8863a27fc363cfa51",
      "/Users/jeongyounglee/work/repo/desktop-monster/release/mac-arm64/DesMon.app/Contents/Frameworks/Electron Framework.framework/Resources/am_MASCULINE.lproj/locale.pak": "ca73097bd968b363b7145e86b64f3c595e533808b0763dc8863a27fc363cfa51",
      "/Users/jeongyounglee/work/repo/desktop-monster/release/mac-arm64/DesMon.app/Contents/Frameworks/Electron Framework.framework/Resources/am_NEUTER.lproj/locale.pak": "ca73097bd968b363b7145e86b64f3c595e533808b0763dc8863a27fc363cfa51",
      "/Users/jeongyounglee/work/repo/desktop-monster/release/mac-arm64/DesMon.app/Contents/Frameworks/Electron Framework.framework/Resources/ar.lproj/locale.pak": "78d4d2b4ad523119eacecd25b8df8fbdcbd0455dbf1a11ee87edce1a3b792219",
      "/Users/jeongyounglee/work/repo/desktop-monster/release/mac-arm64/DesMon.app/Contents/Frameworks/Electron Framework.framework/Resources/ar_FEMININE.lproj/locale.pak": "ca73097bd968b363b7145e86b64f3c595e533808b0763dc8863a27fc363cfa51",
      "/Users/jeongyounglee/work/repo/desktop-monster/release/mac-arm64/DesMon.app/Contents/Frameworks/Electron Framework.framework/Resources/ar_MASCULINE.lproj/locale.pak": "ca73097bd968b363b7145e86b64f3c595e533808b0763dc8863a27fc363cfa51",
      "/Users/jeongyounglee/work/repo/desktop-monster/release/mac-arm64/DesMon.app/Contents/Frameworks/Electron Framework.framework/Resources/ar_NEUTER.lproj/locale.pak": "ca73097bd968b363b7145e86b64f3c595e533808b0763dc8863a27fc363cfa51",
      "/Users/jeongyounglee/work/repo/desktop-monster/release/mac-arm64/DesMon.app/Contents/Frameworks/Electron Framework.framework/Resources/bg.lproj/locale.pak": "09e3a84a059d4790aa05926ea8466b53cf155a9d401a94bb83a7a4a9d368ec9a",
      "/Users/jeongyounglee/work/repo/desktop-monster/release/mac-arm64/DesMon.app/Contents/Frameworks/Electron Framework.framework/Resources/bg_FEMININE.lproj/locale.pak": "ca73097bd968b363b7145e86b64f3c595e533808b0763dc8863a27fc363cfa51",
      "/Users/jeongyounglee/work/repo/desktop-monster/release/mac-arm64/DesMon.app/Contents/Frameworks/Electron Framework.framework/Resources/bg_MASCULINE.lproj/locale.pak": "ca73097bd968b363b7145e86b64f3c595e533808b0763dc8863a27fc363cfa51",
      "/Users/jeongyounglee/work/repo/desktop-monster/release/mac-arm64/DesMon.app/Contents/Frameworks/Electron Framework.framework/Resources/bg_NEUTER.lproj/locale.pak": "ca73097bd968b363b7145e86b64f3c595e533808b0763dc8863a27fc363cfa51",
      "/Users/jeongyounglee/work/repo/desktop-monster/release/mac-arm64/DesMon.app/Contents/Frameworks/Electron Framework.framework/Resources/bn.lproj/locale.pak": "40d0bdc3d09f830135a4b3ada6bb515a3f8c281cd90afd3056bec6ea553a9e57",
      "/Users/jeongyounglee/work/repo/desktop-monster/release/mac-arm64/DesMon.app/Contents/Frameworks/Electron Framework.framework/Resources/bn_FEMININE.lproj/locale.pak": "ca73097bd968b363b7145e86b64f3c595e533808b0763dc8863a27fc363cfa51",
      "/Users/jeongyounglee/work/repo/desktop-monster/release/mac-arm64/DesMon.app/Contents/Frameworks/Electron Framework.framework/Resources/bn_MASCULINE.lproj/locale.pak": "ca73097bd968b363b7145e86b64f3c595e533808b0763dc8863a27fc363cfa51",
      "/Users/jeongyounglee/work/repo/desktop-monster/release/mac-arm64/DesMon.app/Contents/Frameworks/Electron Framework.framework/Resources/bn_NEUTER.lproj/locale.pak": "ca73097bd968b363b7145e86b64f3c595e533808b0763dc8863a27fc363cfa51",
      "/Users/jeongyounglee/work/repo/desktop-monster/release/mac-arm64/DesMon.app/Contents/Frameworks/Electron Framework.framework/Resources/ca.lproj/locale.pak": "2562b797c571abb39d72b9da4b9ea8ce7d2355571926442d596d474ce205f27d",
      "/Users/jeongyounglee/work/repo/desktop-monster/release/mac-arm64/DesMon.app/Contents/Frameworks/Electron Framework.framework/Resources/ca_FEMININE.lproj/locale.pak": "ca73097bd968b363b7145e86b64f3c595e533808b0763dc8863a27fc363cfa51",
      "/Users/jeongyounglee/work/repo/desktop-monster/release/mac-arm64/DesMon.app/Contents/Frameworks/Electron Framework.framework/Resources/ca_MASCULINE.lproj/locale.pak": "ca73097bd968b363b7145e86b64f3c595e533808b0763dc8863a27fc363cfa51",
      "/Users/jeongyounglee/work/repo/desktop-monster/release/mac-arm64/DesMon.app/Contents/Frameworks/Electron Framework.framework/Resources/ca_NEUTER.lproj/locale.pak": "ca73097bd968b363b7145e86b64f3c595e533808b0763dc8863a27fc363cfa51",
      "/Users/jeongyounglee/work/repo/desktop-monster/release/mac-arm64/DesMon.app/Contents/Frameworks/Electron Framework.framework/Resources/chrome_100_percent.pak": "b6cc9e51a1fc03eeabbc612c89e49b13eec556d1c4cceef1b42e2d4135246c8e",
      "/Users/jeongyounglee/work/repo/desktop-monster/release/mac-arm64/DesMon.app/Contents/Frameworks/Electron Framework.framework/Resources/chrome_200_percent.pak": "4f08569a2f8accb033bd0093627eff5ee2e0c159e6e4fa4a3d0b88d1d2e3ee12",
      "/Users/jeongyounglee/work/repo/desktop-monster/release/mac-arm64/DesMon.app/Contents/Frameworks/Electron Framework.framework/Resources/cs.lproj/locale.pak": "377ee3c7a081be483e65a0bc5778ce6afc9ae19079eed3530f5924d9ab4fa9f6",
      "/Users/jeongyounglee/work/repo/desktop-monster/release/mac-arm64/DesMon.app/Contents/Frameworks/Electron Framework.framework/Resources/cs_FEMININE.lproj/locale.pak": "ca73097bd968b363b7145e86b64f3c595e533808b0763dc8863a27fc363cfa51",
      "/Users/jeongyounglee/work/repo/desktop-monster/release/mac-arm64/DesMon.app/Contents/Frameworks/Electron Framework.framework/Resources/cs_MASCULINE.lproj/locale.pak": "ca73097bd968b363b7145e86b64f3c595e533808b0763dc8863a27fc363cfa51",
      "/Users/jeongyounglee/work/repo/desktop-monster/release/mac-arm64/DesMon.app/Contents/Frameworks/Electron Framework.framework/Resources/cs_NEUTER.lproj/locale.pak": "ca73097bd968b363b7145e86b64f3c595e533808b0763dc8863a27fc363cfa51",
      "/Users/jeongyounglee/work/repo/desktop-monster/release/mac-arm64/DesMon.app/Contents/Frameworks/Electron Framework.framework/Resources/da.lproj/locale.pak": "2b4bc11ebc05bbf22570410b4ee3562770c239d29fa23eda9dc4d9edbd65f905",
      "/Users/jeongyounglee/work/repo/desktop-monster/release/mac-arm64/DesMon.app/Contents/Frameworks/Electron Framework.framework/Resources/da_FEMININE.lproj/locale.pak": "ca73097bd968b363b7145e86b64f3c595e533808b0763dc8863a27fc363cfa51",
      "/Users/jeongyounglee/work/repo/desktop-monster/release/mac-arm64/DesMon.app/Contents/Frameworks/Electron Framework.framework/Resources/da_MASCULINE.lproj/locale.pak": "ca73097bd968b363b7145e86b64f3c595e533808b0763dc8863a27fc363cfa51",
      "/Users/jeongyounglee/work/repo/desktop-monster/release/mac-arm64/DesMon.app/Contents/Frameworks/Electron Framework.framework/Resources/da_NEUTER.lproj/locale.pak": "ca73097bd968b363b7145e86b64f3c595e533808b0763dc8863a27fc363cfa51",
      "/Users/jeongyounglee/work/repo/desktop-monster/release/mac-arm64/DesMon.app/Contents/Frameworks/Electron Framework.framework/Resources/de.lproj/locale.pak": "bb70a5fbaef52c454b2868a8e967f80ebc837b52308dca3db3cce8c3fb9d5c21",
      "/Users/jeongyounglee/work/repo/desktop-monster/release/mac-arm64/DesMon.app/Contents/Frameworks/Electron Framework.framework/Resources/de_FEMININE.lproj/locale.pak": "ca73097bd968b363b7145e86b64f3c595e533808b0763dc8863a27fc363cfa51",
      "/Users/jeongyounglee/work/repo/desktop-monster/release/mac-arm64/DesMon.app/Contents/Frameworks/Electron Framework.framework/Resources/de_MASCULINE.lproj/locale.pak": "ca73097bd968b363b7145e86b64f3c595e533808b0763dc8863a27fc363cfa51",
      "/Users/jeongyounglee/work/repo/desktop-monster/release/mac-arm64/DesMon.app/Contents/Frameworks/Electron Framework.framework/Resources/de_NEUTER.lproj/locale.pak": "ca73097bd968b363b7145e86b64f3c595e533808b0763dc8863a27fc363cfa51",
      "/Users/jeongyounglee/work/repo/desktop-monster/release/mac-arm64/DesMon.app/Contents/Frameworks/Electron Framework.framework/Resources/el.lproj/locale.pak": "acf05550d098533724e222201ff0400c935164ba689d53f33da5aaa15c4c4eba",
      "/Users/jeongyounglee/work/repo/desktop-monster/release/mac-arm64/DesMon.app/Contents/Frameworks/Electron Framework.framework/Resources/el_FEMININE.lproj/locale.pak": "ca73097bd968b363b7145e86b64f3c595e533808b0763dc8863a27fc363cfa51",
      "/Users/jeongyounglee/work/repo/desktop-monster/release/mac-arm64/DesMon.app/Contents/Frameworks/Electron Framework.framework/Resources/el_MASCULINE.lproj/locale.pak": "ca73097bd968b363b7145e86b64f3c595e533808b0763dc8863a27fc363cfa51",
      "/Users/jeongyounglee/work/repo/desktop-monster/release/mac-arm64/DesMon.app/Contents/Frameworks/Electron Framework.framework/Resources/el_NEUTER.lproj/locale.pak": "ca73097bd968b363b7145e86b64f3c595e533808b0763dc8863a27fc363cfa51",
      "/Users/jeongyounglee/work/repo/desktop-monster/release/mac-arm64/DesMon.app/Contents/Frameworks/Electron Framework.framework/Resources/en.lproj/locale.pak": "6764999ff76f4b81ce6f67d769c6a93747edd7086fd145924463226ad3932409",
      "/Users/jeongyounglee/work/repo/desktop-monster/release/mac-arm64/DesMon.app/Contents/Frameworks/Electron Framework.framework/Resources/en_FEMININE.lproj/locale.pak": "ca73097bd968b363b7145e86b64f3c595e533808b0763dc8863a27fc363cfa51",
      "/Users/jeongyounglee/work/repo/desktop-monster/release/mac-arm64/DesMon.app/Contents/Frameworks/Electron Framework.framework/Resources/en_GB.lproj/locale.pak": "f7b0625b3c35947990f7e876e33691625cde678e2cb98ec892561ce45180a8c0",
      "/Users/jeongyounglee/work/repo/desktop-monster/release/mac-arm64/DesMon.app/Contents/Frameworks/Electron Framework.framework/Resources/en_GB_FEMININE.lproj/locale.pak": "ca73097bd968b363b7145e86b64f3c595e533808b0763dc8863a27fc363cfa51",
      "/Users/jeongyounglee/work/repo/desktop-monster/release/mac-arm64/DesMon.app/Contents/Frameworks/Electron Framework.framework/Resources/en_GB_MASCULINE.lproj/locale.pak": "ca73097bd968b363b7145e86b64f3c595e533808b0763dc8863a27fc363cfa51",
      "/Users/jeongyounglee/work/repo/desktop-monster/release/mac-arm64/DesMon.app/Contents/Frameworks/Electron Framework.framework/Resources/en_GB_NEUTER.lproj/locale.pak": "ca73097bd968b363b7145e86b64f3c595e533808b0763dc8863a27fc363cfa51",
      "/Users/jeongyounglee/work/repo/desktop-monster/release/mac-arm64/DesMon.app/Contents/Frameworks/Electron Framework.framework/Resources/en_MASCULINE.lproj/locale.pak": "ca73097bd968b363b7145e86b64f3c595e533808b0763dc8863a27fc363cfa51",
      "/Users/jeongyounglee/work/repo/desktop-monster/release/mac-arm64/DesMon.app/Contents/Frameworks/Electron Framework.framework/Resources/en_NEUTER.lproj/locale.pak": "ca73097bd968b363b7145e86b64f3c595e533808b0763dc8863a27fc363cfa51",
      "/Users/jeongyounglee/work/repo/desktop-monster/release/mac-arm64/DesMon.app/Contents/Frameworks/Electron Framework.framework/Resources/es.lproj/locale.pak": "97cb1cf266ffa62f85a7145b43ce0462a7d07d162e3ab23b30aa7d07741bbfe1",
      "/Users/jeongyounglee/work/repo/desktop-monster/release/mac-arm64/DesMon.app/Contents/Frameworks/Electron Framework.framework/Resources/es_419.lproj/locale.pak": "52abea1ab14100de8616cb055988eef106828d1169f616c44dc72d941618fce2",
      "/Users/jeongyounglee/work/repo/desktop-monster/release/mac-arm64/DesMon.app/Contents/Frameworks/Electron Framework.framework/Resources/es_419_FEMININE.lproj/locale.pak": "ca73097bd968b363b7145e86b64f3c595e533808b0763dc8863a27fc363cfa51",
      "/Users/jeongyounglee/work/repo/desktop-monster/release/mac-arm64/DesMon.app/Contents/Frameworks/Electron Framework.framework/Resources/es_419_MASCULINE.lproj/locale.pak": "ca73097bd968b363b7145e86b64f3c595e533808b0763dc8863a27fc363cfa51",
      "/Users/jeongyounglee/work/repo/desktop-monster/release/mac-arm64/DesMon.app/Contents/Frameworks/Electron Framework.framework/Resources/es_419_NEUTER.lproj/locale.pak": "ca73097bd968b363b7145e86b64f3c595e533808b0763dc8863a27fc363cfa51",
      "/Users/jeongyounglee/work/repo/desktop-monster/release/mac-arm64/DesMon.app/Contents/Frameworks/Electron Framework.framework/Resources/es_FEMININE.lproj/locale.pak": "ca73097bd968b363b7145e86b64f3c595e533808b0763dc8863a27fc363cfa51",
      "/Users/jeongyounglee/work/repo/desktop-monster/release/mac-arm64/DesMon.app/Contents/Frameworks/Electron Framework.framework/Resources/es_MASCULINE.lproj/locale.pak": "ca73097bd968b363b7145e86b64f3c595e533808b0763dc8863a27fc363cfa51",
      "/Users/jeongyounglee/work/repo/desktop-monster/release/mac-arm64/DesMon.app/Contents/Frameworks/Electron Framework.framework/Resources/es_NEUTER.lproj/locale.pak": "ca73097bd968b363b7145e86b64f3c595e533808b0763dc8863a27fc363cfa51",
      "/Users/jeongyounglee/work/repo/desktop-monster/release/mac-arm64/DesMon.app/Contents/Frameworks/Electron Framework.framework/Resources/et.lproj/locale.pak": "034397c10adf45d02cf4e72dfe023444bc38d28a0fb733793b4da4e6101a1149",
      "/Users/jeongyounglee/work/repo/desktop-monster/release/mac-arm64/DesMon.app/Contents/Frameworks/Electron Framework.framework/Resources/et_FEMININE.lproj/locale.pak": "ca73097bd968b363b7145e86b64f3c595e533808b0763dc8863a27fc363cfa51",
      "/Users/jeongyounglee/work/repo/desktop-monster/release/mac-arm64/DesMon.app/Contents/Frameworks/Electron Framework.framework/Resources/et_MASCULINE.lproj/locale.pak": "ca73097bd968b363b7145e86b64f3c595e533808b0763dc8863a27fc363cfa51",
      "/Users/jeongyounglee/work/repo/desktop-monster/release/mac-arm64/DesMon.app/Contents/Frameworks/Electron Framework.framework/Resources/et_NEUTER.lproj/locale.pak": "ca73097bd968b363b7145e86b64f3c595e533808b0763dc8863a27fc363cfa51",
      "/Users/jeongyounglee/work/repo/desktop-monster/release/mac-arm64/DesMon.app/Contents/Frameworks/Electron Framework.framework/Resources/fa.lproj/locale.pak": "4186e0efd77dee48575f3bab47ee57069e0fded0cc6c74095e561220b9d5d63a",
      "/Users/jeongyounglee/work/repo/desktop-monster/release/mac-arm64/DesMon.app/Contents/Frameworks/Electron Framework.framework/Resources/fa_FEMININE.lproj/locale.pak": "ca73097bd968b363b7145e86b64f3c595e533808b0763dc8863a27fc363cfa51",
      "/Users/jeongyounglee/work/repo/desktop-monster/release/mac-arm64/DesMon.app/Contents/Frameworks/Electron Framework.framework/Resources/fa_MASCULINE.lproj/locale.pak": "ca73097bd968b363b7145e86b64f3c595e533808b0763dc8863a27fc363cfa51",
      "/Users/jeongyounglee/work/repo/desktop-monster/release/mac-arm64/DesMon.app/Contents/Frameworks/Electron Framework.framework/Resources/fa_NEUTER.lproj/locale.pak": "ca73097bd968b363b7145e86b64f3c595e533808b0763dc8863a27fc363cfa51",
      "/Users/jeongyounglee/work/repo/desktop-monster/release/mac-arm64/DesMon.app/Contents/Frameworks/Electron Framework.framework/Resources/fi.lproj/locale.pak": "7806cb8a64e1dd9092dce61799b1ace8573c98820af92b1045473b26835b7fb1",
      "/Users/jeongyounglee/work/repo/desktop-monster/release/mac-arm64/DesMon.app/Contents/Frameworks/Electron Framework.framework/Resources/fi_FEMININE.lproj/locale.pak": "ca73097bd968b363b7145e86b64f3c595e533808b0763dc8863a27fc363cfa51",
      "/Users/jeongyounglee/work/repo/desktop-monster/release/mac-arm64/DesMon.app/Contents/Frameworks/Electron Framework.framework/Resources/fi_MASCULINE.lproj/locale.pak": "ca73097bd968b363b7145e86b64f3c595e533808b0763dc8863a27fc363cfa51",
      "/Users/jeongyounglee/work/repo/desktop-monster/release/mac-arm64/DesMon.app/Contents/Frameworks/Electron Framework.framework/Resources/fi_NEUTER.lproj/locale.pak": "ca73097bd968b363b7145e86b64f3c595e533808b0763dc8863a27fc363cfa51",
      "/Users/jeongyounglee/work/repo/desktop-monster/release/mac-arm64/DesMon.app/Contents/Frameworks/Electron Framework.framework/Resources/fil.lproj/locale.pak": "c4ec8537ff864fa9fbd0ce6b57bb60d0c5d9e2c33b37c62164cfe8eecfb460d0",
      "/Users/jeongyounglee/work/repo/desktop-monster/release/mac-arm64/DesMon.app/Contents/Frameworks/Electron Framework.framework/Resources/fil_FEMININE.lproj/locale.pak": "ca73097bd968b363b7145e86b64f3c595e533808b0763dc8863a27fc363cfa51",
      "/Users/jeongyounglee/work/repo/desktop-monster/release/mac-arm64/DesMon.app/Contents/Frameworks/Electron Framework.framework/Resources/fil_MASCULINE.lproj/locale.pak": "ca73097bd968b363b7145e86b64f3c595e533808b0763dc8863a27fc363cfa51",
      "/Users/jeongyounglee/work/repo/desktop-monster/release/mac-arm64/DesMon.app/Contents/Frameworks/Electron Framework.framework/Resources/fil_NEUTER.lproj/locale.pak": "ca73097bd968b363b7145e86b64f3c595e533808b0763dc8863a27fc363cfa51",
      "/Users/jeongyounglee/work/repo/desktop-monster/release/mac-arm64/DesMon.app/Contents/Frameworks/Electron Framework.framework/Resources/fr.lproj/locale.pak": "7e06a5e4219d8382e0ba5cba30c0c5dbf4131c70f5a55c326c89b0b5fa8c6dce",
      "/Users/jeongyounglee/work/repo/desktop-monster/release/mac-arm64/DesMon.app/Contents/Frameworks/Electron Framework.framework/Resources/fr_FEMININE.lproj/locale.pak": "ca73097bd968b363b7145e86b64f3c595e533808b0763dc8863a27fc363cfa51",
      "/Users/jeongyounglee/work/repo/desktop-monster/release/mac-arm64/DesMon.app/Contents/Frameworks/Electron Framework.framework/Resources/fr_MASCULINE.lproj/locale.pak": "ca73097bd968b363b7145e86b64f3c595e533808b0763dc8863a27fc363cfa51",
      "/Users/jeongyounglee/work/repo/desktop-monster/release/mac-arm64/DesMon.app/Contents/Frameworks/Electron Framework.framework/Resources/fr_NEUTER.lproj/locale.pak": "ca73097bd968b363b7145e86b64f3c595e533808b0763dc8863a27fc363cfa51",
      "/Users/jeongyounglee/work/repo/desktop-monster/release/mac-arm64/DesMon.app/Contents/Frameworks/Electron Framework.framework/Resources/gu.lproj/locale.pak": "ee5143c095226f0fb0c224e923c0fc235fcea8ba4bef1e568240ba783476dcf6",
      "/Users/jeongyounglee/work/repo/desktop-monster/release/mac-arm64/DesMon.app/Contents/Frameworks/Electron Framework.framework/Resources/gu_FEMININE.lproj/locale.pak": "ca73097bd968b363b7145e86b64f3c595e533808b0763dc8863a27fc363cfa51",
      "/Users/jeongyounglee/work/repo/desktop-monster/release/mac-arm64/DesMon.app/Contents/Frameworks/Electron Framework.framework/Resources/gu_MASCULINE.lproj/locale.pak": "ca73097bd968b363b7145e86b64f3c595e533808b0763dc8863a27fc363cfa51",
      "/Users/jeongyounglee/work/repo/desktop-monster/release/mac-arm64/DesMon.app/Contents/Frameworks/Electron Framework.framework/Resources/gu_NEUTER.lproj/locale.pak": "ca73097bd968b363b7145e86b64f3c595e533808b0763dc8863a27fc363cfa51",
      "/Users/jeongyounglee/work/repo/desktop-monster/release/mac-arm64/DesMon.app/Contents/Frameworks/Electron Framework.framework/Resources/he.lproj/locale.pak": "aa0baeb6379d1fa3389b553e232882ca4477a4ab17d1d6186c4139ee86e4534b",
      "/Users/jeongyounglee/work/repo/desktop-monster/release/mac-arm64/DesMon.app/Contents/Frameworks/Electron Framework.framework/Resources/he_FEMININE.lproj/locale.pak": "ca73097bd968b363b7145e86b64f3c595e533808b0763dc8863a27fc363cfa51",
      "/Users/jeongyounglee/work/repo/desktop-monster/release/mac-arm64/DesMon.app/Contents/Frameworks/Electron Framework.framework/Resources/he_MASCULINE.lproj/locale.pak": "ca73097bd968b363b7145e86b64f3c595e533808b0763dc8863a27fc363cfa51",
      "/Users/jeongyounglee/work/repo/desktop-monster/release/mac-arm64/DesMon.app/Contents/Frameworks/Electron Framework.framework/Resources/he_NEUTER.lproj/locale.pak": "ca73097bd968b363b7145e86b64f3c595e533808b0763dc8863a27fc363cfa51",
      "/Users/jeongyounglee/work/repo/desktop-monster/release/mac-arm64/DesMon.app/Contents/Frameworks/Electron Framework.framework/Resources/hi.lproj/locale.pak": "74e786988eaf37031fe172e007d0dc9d68ec5bdf48b95c54b778048c084f810b",
      "/Users/jeongyounglee/work/repo/desktop-monster/release/mac-arm64/DesMon.app/Contents/Frameworks/Electron Framework.framework/Resources/hi_FEMININE.lproj/locale.pak": "ca73097bd968b363b7145e86b64f3c595e533808b0763dc8863a27fc363cfa51",
      "/Users/jeongyounglee/work/repo/desktop-monster/release/mac-arm64/DesMon.app/Contents/Frameworks/Electron Framework.framework/Resources/hi_MASCULINE.lproj/locale.pak": "ca73097bd968b363b7145e86b64f3c595e533808b0763dc8863a27fc363cfa51",
      "/Users/jeongyounglee/work/repo/desktop-monster/release/mac-arm64/DesMon.app/Contents/Frameworks/Electron Framework.framework/Resources/hi_NEUTER.lproj/locale.pak": "ca73097bd968b363b7145e86b64f3c595e533808b0763dc8863a27fc363cfa51",
      "/Users/jeongyounglee/work/repo/desktop-monster/release/mac-arm64/DesMon.app/Contents/Frameworks/Electron Framework.framework/Resources/hr.lproj/locale.pak": "6576fbd5a36bdc9e73fb7d60669b22f3f122557f8b2543e4e43e85ee78854ac5",
      "/Users/jeongyounglee/work/repo/desktop-monster/release/mac-arm64/DesMon.app/Contents/Frameworks/Electron Framework.framework/Resources/hr_FEMININE.lproj/locale.pak": "ca73097bd968b363b7145e86b64f3c595e533808b0763dc8863a27fc363cfa51",
      "/Users/jeongyounglee/work/repo/desktop-monster/release/mac-arm64/DesMon.app/Contents/Frameworks/Electron Framework.framework/Resources/hr_MASCULINE.lproj/locale.pak": "ca73097bd968b363b7145e86b64f3c595e533808b0763dc8863a27fc363cfa51",
      "/Users/jeongyounglee/work/repo/desktop-monster/release/mac-arm64/DesMon.app/Contents/Frameworks/Electron Framework.framework/Resources/hr_NEUTER.lproj/locale.pak": "ca73097bd968b363b7145e86b64f3c595e533808b0763dc8863a27fc363cfa51",
      "/Users/jeongyounglee/work/repo/desktop-monster/release/mac-arm64/DesMon.app/Contents/Frameworks/Electron Framework.framework/Resources/hu.lproj/locale.pak": "e00f2fb0984d1a591a56ec80ac4d7b913616fccda242d6c385da49657f3596d4",
      "/Users/jeongyounglee/work/repo/desktop-monster/release/mac-arm64/DesMon.app/Contents/Frameworks/Electron Framework.framework/Resources/hu_FEMININE.lproj/locale.pak": "ca73097bd968b363b7145e86b64f3c595e533808b0763dc8863a27fc363cfa51",
      "/Users/jeongyounglee/work/repo/desktop-monster/release/mac-arm64/DesMon.app/Contents/Frameworks/Electron Framework.framework/Resources/hu_MASCULINE.lproj/locale.pak": "ca73097bd968b363b7145e86b64f3c595e533808b0763dc8863a27fc363cfa51",
      "/Users/jeongyounglee/work/repo/desktop-monster/release/mac-arm64/DesMon.app/Contents/Frameworks/Electron Framework.framework/Resources/hu_NEUTER.lproj/locale.pak": "ca73097bd968b363b7145e86b64f3c595e533808b0763dc8863a27fc363cfa51",
      "/Users/jeongyounglee/work/repo/desktop-monster/release/mac-arm64/DesMon.app/Contents/Frameworks/Electron Framework.framework/Resources/icudtl.dat": "5070de99fbd8a48378543511fb7a072f85bf36f94b4f4e1d420d54be1435d6f1",
      "/Users/jeongyounglee/work/repo/desktop-monster/release/mac-arm64/DesMon.app/Contents/Frameworks/Electron Framework.framework/Resources/id.lproj/locale.pak": "cee298b9fe432afd6f84e61f03d4b166cce15b8fb10a70c94305268d9660d432",
      "/Users/jeongyounglee/work/repo/desktop-monster/release/mac-arm64/DesMon.app/Contents/Frameworks/Electron Framework.framework/Resources/id_FEMININE.lproj/locale.pak": "ca73097bd968b363b7145e86b64f3c595e533808b0763dc8863a27fc363cfa51",
      "/Users/jeongyounglee/work/repo/desktop-monster/release/mac-arm64/DesMon.app/Contents/Frameworks/Electron Framework.framework/Resources/id_MASCULINE.lproj/locale.pak": "ca73097bd968b363b7145e86b64f3c595e533808b0763dc8863a27fc363cfa51",
      "/Users/jeongyounglee/work/repo/desktop-monster/release/mac-arm64/DesMon.app/Contents/Frameworks/Electron Framework.framework/Resources/id_NEUTER.lproj/locale.pak": "ca73097bd968b363b7145e86b64f3c595e533808b0763dc8863a27fc363cfa51",
      "/Users/jeongyounglee/work/repo/desktop-monster/release/mac-arm64/DesMon.app/Contents/Frameworks/Electron Framework.framework/Resources/it.lproj/locale.pak": "e38fca443c3b19189da4c22842ff5cccd70336bfc387385f7e7c619c04268d14",
      "/Users/jeongyounglee/work/repo/desktop-monster/release/mac-arm64/DesMon.app/Contents/Frameworks/Electron Framework.framework/Resources/it_FEMININE.lproj/locale.pak": "ca73097bd968b363b7145e86b64f3c595e533808b0763dc8863a27fc363cfa51",
      "/Users/jeongyounglee/work/repo/desktop-monster/release/mac-arm64/DesMon.app/Contents/Frameworks/Electron Framework.framework/Resources/it_MASCULINE.lproj/locale.pak": "ca73097bd968b363b7145e86b64f3c595e533808b0763dc8863a27fc363cfa51",
      "/Users/jeongyounglee/work/repo/desktop-monster/release/mac-arm64/DesMon.app/Contents/Frameworks/Electron Framework.framework/Resources/it_NEUTER.lproj/locale.pak": "ca73097bd968b363b7145e86b64f3c595e533808b0763dc8863a27fc363cfa51",
      "/Users/jeongyounglee/work/repo/desktop-monster/release/mac-arm64/DesMon.app/Contents/Frameworks/Electron Framework.framework/Resources/ja.lproj/locale.pak": "b7a6972fdadf177b5e359102a124167ee0df927c941215235a1dc7055f14a78d",
      "/Users/jeongyounglee/work/repo/desktop-monster/release/mac-arm64/DesMon.app/Contents/Frameworks/Electron Framework.framework/Resources/ja_FEMININE.lproj/locale.pak": "ca73097bd968b363b7145e86b64f3c595e533808b0763dc8863a27fc363cfa51",
      "/Users/jeongyounglee/work/repo/desktop-monster/release/mac-arm64/DesMon.app/Contents/Frameworks/Electron Framework.framework/Resources/ja_MASCULINE.lproj/locale.pak": "ca73097bd968b363b7145e86b64f3c595e533808b0763dc8863a27fc363cfa51",
      "/Users/jeongyounglee/work/repo/desktop-monster/release/mac-arm64/DesMon.app/Contents/Frameworks/Electron Framework.framework/Resources/ja_NEUTER.lproj/locale.pak": "ca73097bd968b363b7145e86b64f3c595e533808b0763dc8863a27fc363cfa51",
      "/Users/jeongyounglee/work/repo/desktop-monster/release/mac-arm64/DesMon.app/Contents/Frameworks/Electron Framework.framework/Resources/kn.lproj/locale.pak": "7ca07e6a83be51a71ae69b946e7105ec5630a14466d2022724eedcdfd77f4c0d",
      "/Users/jeongyounglee/work/repo/desktop-monster/release/mac-arm64/DesMon.app/Contents/Frameworks/Electron Framework.framework/Resources/kn_FEMININE.lproj/locale.pak": "ca73097bd968b363b7145e86b64f3c595e533808b0763dc8863a27fc363cfa51",
      "/Users/jeongyounglee/work/repo/desktop-monster/release/mac-arm64/DesMon.app/Contents/Frameworks/Electron Framework.framework/Resources/kn_MASCULINE.lproj/locale.pak": "ca73097bd968b363b7145e86b64f3c595e533808b0763dc8863a27fc363cfa51",
      "/Users/jeongyounglee/work/repo/desktop-monster/release/mac-arm64/DesMon.app/Contents/Frameworks/Electron Framework.framework/Resources/kn_NEUTER.lproj/locale.pak": "ca73097bd968b363b7145e86b64f3c595e533808b0763dc8863a27fc363cfa51",
      "/Users/jeongyounglee/work/repo/desktop-monster/release/mac-arm64/DesMon.app/Contents/Frameworks/Electron Framework.framework/Resources/ko.lproj/locale.pak": "099333a75c8b2274a14bf6ab0ab0b4d8f27a0c7fa1aeebbb8a82c46d62ca70b3",
      "/Users/jeongyounglee/work/repo/desktop-monster/release/mac-arm64/DesMon.app/Contents/Frameworks/Electron Framework.framework/Resources/ko_FEMININE.lproj/locale.pak": "ca73097bd968b363b7145e86b64f3c595e533808b0763dc8863a27fc363cfa51",
      "/Users/jeongyounglee/work/repo/desktop-monster/release/mac-arm64/DesMon.app/Contents/Frameworks/Electron Framework.framework/Resources/ko_MASCULINE.lproj/locale.pak": "ca73097bd968b363b7145e86b64f3c595e533808b0763dc8863a27fc363cfa51",
      "/Users/jeongyounglee/work/repo/desktop-monster/release/mac-arm64/DesMon.app/Contents/Frameworks/Electron Framework.framework/Resources/ko_NEUTER.lproj/locale.pak": "ca73097bd968b363b7145e86b64f3c595e533808b0763dc8863a27fc363cfa51",
      "/Users/jeongyounglee/work/repo/desktop-monster/release/mac-arm64/DesMon.app/Contents/Frameworks/Electron Framework.framework/Resources/lt.lproj/locale.pak": "dd0314b4dee776ab928defc127b7e344ac5cac4b5380c4bf308f32c4c4cc2c4d",
      "/Users/jeongyounglee/work/repo/desktop-monster/release/mac-arm64/DesMon.app/Contents/Frameworks/Electron Framework.framework/Resources/lt_FEMININE.lproj/locale.pak": "ca73097bd968b363b7145e86b64f3c595e533808b0763dc8863a27fc363cfa51",
      "/Users/jeongyounglee/work/repo/desktop-monster/release/mac-arm64/DesMon.app/Contents/Frameworks/Electron Framework.framework/Resources/lt_MASCULINE.lproj/locale.pak": "ca73097bd968b363b7145e86b64f3c595e533808b0763dc8863a27fc363cfa51",
      "/Users/jeongyounglee/work/repo/desktop-monster/release/mac-arm64/DesMon.app/Contents/Frameworks/Electron Framework.framework/Resources/lt_NEUTER.lproj/locale.pak": "ca73097bd968b363b7145e86b64f3c595e533808b0763dc8863a27fc363cfa51",
      "/Users/jeongyounglee/work/repo/desktop-monster/release/mac-arm64/DesMon.app/Contents/Frameworks/Electron Framework.framework/Resources/lv.lproj/locale.pak": "6bb0897895b5b74dd5c68c1cb0f50f765cf5b30a92e9d74aee9acdfcf408baba",
      "/Users/jeongyounglee/work/repo/desktop-monster/release/mac-arm64/DesMon.app/Contents/Frameworks/Electron Framework.framework/Resources/lv_FEMININE.lproj/locale.pak": "ca73097bd968b363b7145e86b64f3c595e533808b0763dc8863a27fc363cfa51",
      "/Users/jeongyounglee/work/repo/desktop-monster/release/mac-arm64/DesMon.app/Contents/Frameworks/Electron Framework.framework/Resources/lv_MASCULINE.lproj/locale.pak": "ca73097bd968b363b7145e86b64f3c595e533808b0763dc8863a27fc363cfa51",
      "/Users/jeongyounglee/work/repo/desktop-monster/release/mac-arm64/DesMon.app/Contents/Frameworks/Electron Framework.framework/Resources/lv_NEUTER.lproj/locale.pak": "ca73097bd968b363b7145e86b64f3c595e533808b0763dc8863a27fc363cfa51",
      "/Users/jeongyounglee/work/repo/desktop-monster/release/mac-arm64/DesMon.app/Contents/Frameworks/Electron Framework.framework/Resources/ml.lproj/locale.pak": "253ad79f021f876de72d0e40b695f71889763ba268a4a29a9f1222a6569616bb",
      "/Users/jeongyounglee/work/repo/desktop-monster/release/mac-arm64/DesMon.app/Contents/Frameworks/Electron Framework.framework/Resources/ml_FEMININE.lproj/locale.pak": "ca73097bd968b363b7145e86b64f3c595e533808b0763dc8863a27fc363cfa51",
      "/Users/jeongyounglee/work/repo/desktop-monster/release/mac-arm64/DesMon.app/Contents/Frameworks/Electron Framework.framework/Resources/ml_MASCULINE.lproj/locale.pak": "ca73097bd968b363b7145e86b64f3c595e533808b0763dc8863a27fc363cfa51",
      "/Users/jeongyounglee/work/repo/desktop-monster/release/mac-arm64/DesMon.app/Contents/Frameworks/Electron Framework.framework/Resources/ml_NEUTER.lproj/locale.pak": "ca73097bd968b363b7145e86b64f3c595e533808b0763dc8863a27fc363cfa51",
      "/Users/jeongyounglee/work/repo/desktop-monster/release/mac-arm64/DesMon.app/Contents/Frameworks/Electron Framework.framework/Resources/mr.lproj/locale.pak": "3e4b3442cf597de60e14d5b5ac066b6cd813767cc008953309e62724a198fdf5",
      "/Users/jeongyounglee/work/repo/desktop-monster/release/mac-arm64/DesMon.app/Contents/Frameworks/Electron Framework.framework/Resources/mr_FEMININE.lproj/locale.pak": "ca73097bd968b363b7145e86b64f3c595e533808b0763dc8863a27fc363cfa51",
      "/Users/jeongyounglee/work/repo/desktop-monster/release/mac-arm64/DesMon.app/Contents/Frameworks/Electron Framework.framework/Resources/mr_MASCULINE.lproj/locale.pak": "ca73097bd968b363b7145e86b64f3c595e533808b0763dc8863a27fc363cfa51",
      "/Users/jeongyounglee/work/repo/desktop-monster/release/mac-arm64/DesMon.app/Contents/Frameworks/Electron Framework.framework/Resources/mr_NEUTER.lproj/locale.pak": "ca73097bd968b363b7145e86b64f3c595e533808b0763dc8863a27fc363cfa51",
      "/Users/jeongyounglee/work/repo/desktop-monster/release/mac-arm64/DesMon.app/Contents/Frameworks/Electron Framework.framework/Resources/ms.lproj/locale.pak": "4007e32f10232de56464d7d74548849f7115c5e0e78d5c0773cdcff7d6cdf983",
      "/Users/jeongyounglee/work/repo/desktop-monster/release/mac-arm64/DesMon.app/Contents/Frameworks/Electron Framework.framework/Resources/ms_FEMININE.lproj/locale.pak": "ca73097bd968b363b7145e86b64f3c595e533808b0763dc8863a27fc363cfa51",
      "/Users/jeongyounglee/work/repo/desktop-monster/release/mac-arm64/DesMon.app/Contents/Frameworks/Electron Framework.framework/Resources/ms_MASCULINE.lproj/locale.pak": "ca73097bd968b363b7145e86b64f3c595e533808b0763dc8863a27fc363cfa51",
      "/Users/jeongyounglee/work/repo/desktop-monster/release/mac-arm64/DesMon.app/Contents/Frameworks/Electron Framework.framework/Resources/ms_NEUTER.lproj/locale.pak": "ca73097bd968b363b7145e86b64f3c595e533808b0763dc8863a27fc363cfa51",
      "/Users/jeongyounglee/work/repo/desktop-monster/release/mac-arm64/DesMon.app/Contents/Frameworks/Electron Framework.framework/Resources/nb.lproj/locale.pak": "adf78b55d3d68bd0dc535478b9e61ec32c9d36212757df93ada62c61306822cc",
      "/Users/jeongyounglee/work/repo/desktop-monster/release/mac-arm64/DesMon.app/Contents/Frameworks/Electron Framework.framework/Resources/nb_FEMININE.lproj/locale.pak": "ca73097bd968b363b7145e86b64f3c595e533808b0763dc8863a27fc363cfa51",
      "/Users/jeongyounglee/work/repo/desktop-monster/release/mac-arm64/DesMon.app/Contents/Frameworks/Electron Framework.framework/Resources/nb_MASCULINE.lproj/locale.pak": "ca73097bd968b363b7145e86b64f3c595e533808b0763dc8863a27fc363cfa51",
      "/Users/jeongyounglee/work/repo/desktop-monster/release/mac-arm64/DesMon.app/Contents/Frameworks/Electron Framework.framework/Resources/nb_NEUTER.lproj/locale.pak": "ca73097bd968b363b7145e86b64f3c595e533808b0763dc8863a27fc363cfa51",
      "/Users/jeongyounglee/work/repo/desktop-monster/release/mac-arm64/DesMon.app/Contents/Frameworks/Electron Framework.framework/Resources/nl.lproj/locale.pak": "60d1c67b85138b58b0497674ccbc82e7879e58ce7eaf9c2d25f29040b6d52077",
      "/Users/jeongyounglee/work/repo/desktop-monster/release/mac-arm64/DesMon.app/Contents/Frameworks/Electron Framework.framework/Resources/nl_FEMININE.lproj/locale.pak": "ca73097bd968b363b7145e86b64f3c595e533808b0763dc8863a27fc363cfa51",
      "/Users/jeongyounglee/work/repo/desktop-monster/release/mac-arm64/DesMon.app/Contents/Frameworks/Electron Framework.framework/Resources/nl_MASCULINE.lproj/locale.pak": "ca73097bd968b363b7145e86b64f3c595e533808b0763dc8863a27fc363cfa51",
      "/Users/jeongyounglee/work/repo/desktop-monster/release/mac-arm64/DesMon.app/Contents/Frameworks/Electron Framework.framework/Resources/nl_NEUTER.lproj/locale.pak": "ca73097bd968b363b7145e86b64f3c595e533808b0763dc8863a27fc363cfa51",
      "/Users/jeongyounglee/work/repo/desktop-monster/release/mac-arm64/DesMon.app/Contents/Frameworks/Electron Framework.framework/Resources/pl.lproj/locale.pak": "dc8ef71143eb4d31958f799ea1116adcd3d15fd6f5bb23b125ed039fd63ed6f0",
      "/Users/jeongyounglee/work/repo/desktop-monster/release/mac-arm64/DesMon.app/Contents/Frameworks/Electron Framework.framework/Resources/pl_FEMININE.lproj/locale.pak": "ca73097bd968b363b7145e86b64f3c595e533808b0763dc8863a27fc363cfa51",
      "/Users/jeongyounglee/work/repo/desktop-monster/release/mac-arm64/DesMon.app/Contents/Frameworks/Electron Framework.framework/Resources/pl_MASCULINE.lproj/locale.pak": "ca73097bd968b363b7145e86b64f3c595e533808b0763dc8863a27fc363cfa51",
      "/Users/jeongyounglee/work/repo/desktop-monster/release/mac-arm64/DesMon.app/Contents/Frameworks/Electron Framework.framework/Resources/pl_NEUTER.lproj/locale.pak": "ca73097bd968b363b7145e86b64f3c595e533808b0763dc8863a27fc363cfa51",
      "/Users/jeongyounglee/work/repo/desktop-monster/release/mac-arm64/DesMon.app/Contents/Frameworks/Electron Framework.framework/Resources/pt_BR.lproj/locale.pak": "144fb564da9b9063691453824f51347779d5aea4766449fe2f21bb4e158d890e",
      "/Users/jeongyounglee/work/repo/desktop-monster/release/mac-arm64/DesMon.app/Contents/Frameworks/Electron Framework.framework/Resources/pt_BR_FEMININE.lproj/locale.pak": "ca73097bd968b363b7145e86b64f3c595e533808b0763dc8863a27fc363cfa51",
      "/Users/jeongyounglee/work/repo/desktop-monster/release/mac-arm64/DesMon.app/Contents/Frameworks/Electron Framework.framework/Resources/pt_BR_MASCULINE.lproj/locale.pak": "ca73097bd968b363b7145e86b64f3c595e533808b0763dc8863a27fc363cfa51",
      "/Users/jeongyounglee/work/repo/desktop-monster/release/mac-arm64/DesMon.app/Contents/Frameworks/Electron Framework.framework/Resources/pt_BR_NEUTER.lproj/locale.pak": "ca73097bd968b363b7145e86b64f3c595e533808b0763dc8863a27fc363cfa51",
      "/Users/jeongyounglee/work/repo/desktop-monster/release/mac-arm64/DesMon.app/Contents/Frameworks/Electron Framework.framework/Resources/pt_PT.lproj/locale.pak": "18b33c098934c190c93c32f27b1dbe2bc65721bb2d2d037dcfa47e4d8d5f7100",
      "/Users/jeongyounglee/work/repo/desktop-monster/release/mac-arm64/DesMon.app/Contents/Frameworks/Electron Framework.framework/Resources/pt_PT_FEMININE.lproj/locale.pak": "ca73097bd968b363b7145e86b64f3c595e533808b0763dc8863a27fc363cfa51",
      "/Users/jeongyounglee/work/repo/desktop-monster/release/mac-arm64/DesMon.app/Contents/Frameworks/Electron Framework.framework/Resources/pt_PT_MASCULINE.lproj/locale.pak": "ca73097bd968b363b7145e86b64f3c595e533808b0763dc8863a27fc363cfa51",
      "/Users/jeongyounglee/work/repo/desktop-monster/release/mac-arm64/DesMon.app/Contents/Frameworks/Electron Framework.framework/Resources/pt_PT_NEUTER.lproj/locale.pak": "ca73097bd968b363b7145e86b64f3c595e533808b0763dc8863a27fc363cfa51",
      "/Users/jeongyounglee/work/repo/desktop-monster/release/mac-arm64/DesMon.app/Contents/Frameworks/Electron Framework.framework/Resources/resources.pak": "fe09b0c6634e796f2296359f609f40ca0cad4b360ff060cf5287fb5425589bff",
      "/Users/jeongyounglee/work/repo/desktop-monster/release/mac-arm64/DesMon.app/Contents/Frameworks/Electron Framework.framework/Resources/ro.lproj/locale.pak": "db77fe45d6a4e521ffec4234285416a241fadfed4c9fa25058bcd5c3ddab636f",
      "/Users/jeongyounglee/work/repo/desktop-monster/release/mac-arm64/DesMon.app/Contents/Frameworks/Electron Framework.framework/Resources/ro_FEMININE.lproj/locale.pak": "ca73097bd968b363b7145e86b64f3c595e533808b0763dc8863a27fc363cfa51",
      "/Users/jeongyounglee/work/repo/desktop-monster/release/mac-arm64/DesMon.app/Contents/Frameworks/Electron Framework.framework/Resources/ro_MASCULINE.lproj/locale.pak": "ca73097bd968b363b7145e86b64f3c595e533808b0763dc8863a27fc363cfa51",
      "/Users/jeongyounglee/work/repo/desktop-monster/release/mac-arm64/DesMon.app/Contents/Frameworks/Electron Framework.framework/Resources/ro_NEUTER.lproj/locale.pak": "ca73097bd968b363b7145e86b64f3c595e533808b0763dc8863a27fc363cfa51",
      "/Users/jeongyounglee/work/repo/desktop-monster/release/mac-arm64/DesMon.app/Contents/Frameworks/Electron Framework.framework/Resources/ru.lproj/locale.pak": "18e0d216779858468e0fa40f1752274b626c6a62009c4209d3a0606cbaf4bfca",
      "/Users/jeongyounglee/work/repo/desktop-monster/release/mac-arm64/DesMon.app/Contents/Frameworks/Electron Framework.framework/Resources/ru_FEMININE.lproj/locale.pak": "ca73097bd968b363b7145e86b64f3c595e533808b0763dc8863a27fc363cfa51",
      "/Users/jeongyounglee/work/repo/desktop-monster/release/mac-arm64/DesMon.app/Contents/Frameworks/Electron Framework.framework/Resources/ru_MASCULINE.lproj/locale.pak": "ca73097bd968b363b7145e86b64f3c595e533808b0763dc8863a27fc363cfa51",
      "/Users/jeongyounglee/work/repo/desktop-monster/release/mac-arm64/DesMon.app/Contents/Frameworks/Electron Framework.framework/Resources/ru_NEUTER.lproj/locale.pak": "ca73097bd968b363b7145e86b64f3c595e533808b0763dc8863a27fc363cfa51",
      "/Users/jeongyounglee/work/repo/desktop-monster/release/mac-arm64/DesMon.app/Contents/Frameworks/Electron Framework.framework/Resources/sk.lproj/locale.pak": "4855da564dd6f53d8a6523fafac12678736641fdaf8299d7c07c219dd6ae52cb",
      "/Users/jeongyounglee/work/repo/desktop-monster/release/mac-arm64/DesMon.app/Contents/Frameworks/Electron Framework.framework/Resources/sk_FEMININE.lproj/locale.pak": "ca73097bd968b363b7145e86b64f3c595e533808b0763dc8863a27fc363cfa51",
      "/Users/jeongyounglee/work/repo/desktop-monster/release/mac-arm64/DesMon.app/Contents/Frameworks/Electron Framework.framework/Resources/sk_MASCULINE.lproj/locale.pak": "ca73097bd968b363b7145e86b64f3c595e533808b0763dc8863a27fc363cfa51",
      "/Users/jeongyounglee/work/repo/desktop-monster/release/mac-arm64/DesMon.app/Contents/Frameworks/Electron Framework.framework/Resources/sk_NEUTER.lproj/locale.pak": "ca73097bd968b363b7145e86b64f3c595e533808b0763dc8863a27fc363cfa51",
      "/Users/jeongyounglee/work/repo/desktop-monster/release/mac-arm64/DesMon.app/Contents/Frameworks/Electron Framework.framework/Resources/sl.lproj/locale.pak": "9c53c23cae3dec230e337d6390538cfa8eef6162bc5ece192d0d23f03f355e60",
      "/Users/jeongyounglee/work/repo/desktop-monster/release/mac-arm64/DesMon.app/Contents/Frameworks/Electron Framework.framework/Resources/sl_FEMININE.lproj/locale.pak": "ca73097bd968b363b7145e86b64f3c595e533808b0763dc8863a27fc363cfa51",
      "/Users/jeongyounglee/work/repo/desktop-monster/release/mac-arm64/DesMon.app/Contents/Frameworks/Electron Framework.framework/Resources/sl_MASCULINE.lproj/locale.pak": "ca73097bd968b363b7145e86b64f3c595e533808b0763dc8863a27fc363cfa51",
      "/Users/jeongyounglee/work/repo/desktop-monster/release/mac-arm64/DesMon.app/Contents/Frameworks/Electron Framework.framework/Resources/sl_NEUTER.lproj/locale.pak": "ca73097bd968b363b7145e86b64f3c595e533808b0763dc8863a27fc363cfa51",
      "/Users/jeongyounglee/work/repo/desktop-monster/release/mac-arm64/DesMon.app/Contents/Frameworks/Electron Framework.framework/Resources/sr.lproj/locale.pak": "a73291fc773827af9e3c9b4317552eda488633f2eaea4a5893ad3980329170a7",
      "/Users/jeongyounglee/work/repo/desktop-monster/release/mac-arm64/DesMon.app/Contents/Frameworks/Electron Framework.framework/Resources/sr_FEMININE.lproj/locale.pak": "ca73097bd968b363b7145e86b64f3c595e533808b0763dc8863a27fc363cfa51",
      "/Users/jeongyounglee/work/repo/desktop-monster/release/mac-arm64/DesMon.app/Contents/Frameworks/Electron Framework.framework/Resources/sr_MASCULINE.lproj/locale.pak": "ca73097bd968b363b7145e86b64f3c595e533808b0763dc8863a27fc363cfa51",
      "/Users/jeongyounglee/work/repo/desktop-monster/release/mac-arm64/DesMon.app/Contents/Frameworks/Electron Framework.framework/Resources/sr_NEUTER.lproj/locale.pak": "ca73097bd968b363b7145e86b64f3c595e533808b0763dc8863a27fc363cfa51",
      "/Users/jeongyounglee/work/repo/desktop-monster/release/mac-arm64/DesMon.app/Contents/Frameworks/Electron Framework.framework/Resources/sv.lproj/locale.pak": "8a20844ddbbee27b05e341ab6e0afa6838f215ee6eece4d16b4d09e57855309a",
      "/Users/jeongyounglee/work/repo/desktop-monster/release/mac-arm64/DesMon.app/Contents/Frameworks/Electron Framework.framework/Resources/sv_FEMININE.lproj/locale.pak": "ca73097bd968b363b7145e86b64f3c595e533808b0763dc8863a27fc363cfa51",
      "/Users/jeongyounglee/work/repo/desktop-monster/release/mac-arm64/DesMon.app/Contents/Frameworks/Electron Framework.framework/Resources/sv_MASCULINE.lproj/locale.pak": "ca73097bd968b363b7145e86b64f3c595e533808b0763dc8863a27fc363cfa51",
      "/Users/jeongyounglee/work/repo/desktop-monster/release/mac-arm64/DesMon.app/Contents/Frameworks/Electron Framework.framework/Resources/sv_NEUTER.lproj/locale.pak": "ca73097bd968b363b7145e86b64f3c595e533808b0763dc8863a27fc363cfa51",
      "/Users/jeongyounglee/work/repo/desktop-monster/release/mac-arm64/DesMon.app/Contents/Frameworks/Electron Framework.framework/Resources/sw.lproj/locale.pak": "90bacd490b3667d55420fd5caa898718fe19f05d486cf34d2f1116763d87aa97",
      "/Users/jeongyounglee/work/repo/desktop-monster/release/mac-arm64/DesMon.app/Contents/Frameworks/Electron Framework.framework/Resources/sw_FEMININE.lproj/locale.pak": "ca73097bd968b363b7145e86b64f3c595e533808b0763dc8863a27fc363cfa51",
      "/Users/jeongyounglee/work/repo/desktop-monster/release/mac-arm64/DesMon.app/Contents/Frameworks/Electron Framework.framework/Resources/sw_MASCULINE.lproj/locale.pak": "ca73097bd968b363b7145e86b64f3c595e533808b0763dc8863a27fc363cfa51",
      "/Users/jeongyounglee/work/repo/desktop-monster/release/mac-arm64/DesMon.app/Contents/Frameworks/Electron Framework.framework/Resources/sw_NEUTER.lproj/locale.pak": "ca73097bd968b363b7145e86b64f3c595e533808b0763dc8863a27fc363cfa51",
      "/Users/jeongyounglee/work/repo/desktop-monster/release/mac-arm64/DesMon.app/Contents/Frameworks/Electron Framework.framework/Resources/ta.lproj/locale.pak": "39c9bcbd6b0bc6d9c89ed033ecaeb2f671221522cd53e2df620caa4079a25ffc",
      "/Users/jeongyounglee/work/repo/desktop-monster/release/mac-arm64/DesMon.app/Contents/Frameworks/Electron Framework.framework/Resources/ta_FEMININE.lproj/locale.pak": "ca73097bd968b363b7145e86b64f3c595e533808b0763dc8863a27fc363cfa51",
      "/Users/jeongyounglee/work/repo/desktop-monster/release/mac-arm64/DesMon.app/Contents/Frameworks/Electron Framework.framework/Resources/ta_MASCULINE.lproj/locale.pak": "ca73097bd968b363b7145e86b64f3c595e533808b0763dc8863a27fc363cfa51",
      "/Users/jeongyounglee/work/repo/desktop-monster/release/mac-arm64/DesMon.app/Contents/Frameworks/Electron Framework.framework/Resources/ta_NEUTER.lproj/locale.pak": "ca73097bd968b363b7145e86b64f3c595e533808b0763dc8863a27fc363cfa51",
      "/Users/jeongyounglee/work/repo/desktop-monster/release/mac-arm64/DesMon.app/Contents/Frameworks/Electron Framework.framework/Resources/te.lproj/locale.pak": "a44aabaa4e9aa528149a8af5832bdb6c5bf89c593e2043f2374feec7a8ec2639",
      "/Users/jeongyounglee/work/repo/desktop-monster/release/mac-arm64/DesMon.app/Contents/Frameworks/Electron Framework.framework/Resources/te_FEMININE.lproj/locale.pak": "ca73097bd968b363b7145e86b64f3c595e533808b0763dc8863a27fc363cfa51",
      "/Users/jeongyounglee/work/repo/desktop-monster/release/mac-arm64/DesMon.app/Contents/Frameworks/Electron Framework.framework/Resources/te_MASCULINE.lproj/locale.pak": "ca73097bd968b363b7145e86b64f3c595e533808b0763dc8863a27fc363cfa51",
      "/Users/jeongyounglee/work/repo/desktop-monster/release/mac-arm64/DesMon.app/Contents/Frameworks/Electron Framework.framework/Resources/te_NEUTER.lproj/locale.pak": "ca73097bd968b363b7145e86b64f3c595e533808b0763dc8863a27fc363cfa51",
      "/Users/jeongyounglee/work/repo/desktop-monster/release/mac-arm64/DesMon.app/Contents/Frameworks/Electron Framework.framework/Resources/th.lproj/locale.pak": "6df2a3477c472f14a1ce60519f6166ba88a0b278e68f723772a3db252d603ecc",
      "/Users/jeongyounglee/work/repo/desktop-monster/release/mac-arm64/DesMon.app/Contents/Frameworks/Electron Framework.framework/Resources/th_FEMININE.lproj/locale.pak": "ca73097bd968b363b7145e86b64f3c595e533808b0763dc8863a27fc363cfa51",
      "/Users/jeongyounglee/work/repo/desktop-monster/release/mac-arm64/DesMon.app/Contents/Frameworks/Electron Framework.framework/Resources/th_MASCULINE.lproj/locale.pak": "ca73097bd968b363b7145e86b64f3c595e533808b0763dc8863a27fc363cfa51",
      "/Users/jeongyounglee/work/repo/desktop-monster/release/mac-arm64/DesMon.app/Contents/Frameworks/Electron Framework.framework/Resources/th_NEUTER.lproj/locale.pak": "ca73097bd968b363b7145e86b64f3c595e533808b0763dc8863a27fc363cfa51",
      "/Users/jeongyounglee/work/repo/desktop-monster/release/mac-arm64/DesMon.app/Contents/Frameworks/Electron Framework.framework/Resources/tr.lproj/locale.pak": "2891fdcbf88c8dea2383d4d9abb225d1423c0b38d9ea33e1c552eb40a1ae5fe6",
      "/Users/jeongyounglee/work/repo/desktop-monster/release/mac-arm64/DesMon.app/Contents/Frameworks/Electron Framework.framework/Resources/tr_FEMININE.lproj/locale.pak": "ca73097bd968b363b7145e86b64f3c595e533808b0763dc8863a27fc363cfa51",
      "/Users/jeongyounglee/work/repo/desktop-monster/release/mac-arm64/DesMon.app/Contents/Frameworks/Electron Framework.framework/Resources/tr_MASCULINE.lproj/locale.pak": "ca73097bd968b363b7145e86b64f3c595e533808b0763dc8863a27fc363cfa51",
      "/Users/jeongyounglee/work/repo/desktop-monster/release/mac-arm64/DesMon.app/Contents/Frameworks/Electron Framework.framework/Resources/tr_NEUTER.lproj/locale.pak": "ca73097bd968b363b7145e86b64f3c595e533808b0763dc8863a27fc363cfa51",
      "/Users/jeongyounglee/work/repo/desktop-monster/release/mac-arm64/DesMon.app/Contents/Frameworks/Electron Framework.framework/Resources/uk.lproj/locale.pak": "326b200c45b999b86ab90db588e6d856fba96f79ed7fe4291d2248929aa6f857",
      "/Users/jeongyounglee/work/repo/desktop-monster/release/mac-arm64/DesMon.app/Contents/Frameworks/Electron Framework.framework/Resources/uk_FEMININE.lproj/locale.pak": "ca73097bd968b363b7145e86b64f3c595e533808b0763dc8863a27fc363cfa51",
      "/Users/jeongyounglee/work/repo/desktop-monster/release/mac-arm64/DesMon.app/Contents/Frameworks/Electron Framework.framework/Resources/uk_MASCULINE.lproj/locale.pak": "ca73097bd968b363b7145e86b64f3c595e533808b0763dc8863a27fc363cfa51",
      "/Users/jeongyounglee/work/repo/desktop-monster/release/mac-arm64/DesMon.app/Contents/Frameworks/Electron Framework.framework/Resources/uk_NEUTER.lproj/locale.pak": "ca73097bd968b363b7145e86b64f3c595e533808b0763dc8863a27fc363cfa51",
      "/Users/jeongyounglee/work/repo/desktop-monster/release/mac-arm64/DesMon.app/Contents/Frameworks/Electron Framework.framework/Resources/ur.lproj/locale.pak": "c15857494b69160d8acc6c1c34bd08f0ff9d8355703dbf782b27610447535b47",
      "/Users/jeongyounglee/work/repo/desktop-monster/release/mac-arm64/DesMon.app/Contents/Frameworks/Electron Framework.framework/Resources/ur_FEMININE.lproj/locale.pak": "ca73097bd968b363b7145e86b64f3c595e533808b0763dc8863a27fc363cfa51",
      "/Users/jeongyounglee/work/repo/desktop-monster/release/mac-arm64/DesMon.app/Contents/Frameworks/Electron Framework.framework/Resources/ur_MASCULINE.lproj/locale.pak": "ca73097bd968b363b7145e86b64f3c595e533808b0763dc8863a27fc363cfa51",
      "/Users/jeongyounglee/work/repo/desktop-monster/release/mac-arm64/DesMon.app/Contents/Frameworks/Electron Framework.framework/Resources/ur_NEUTER.lproj/locale.pak": "ca73097bd968b363b7145e86b64f3c595e533808b0763dc8863a27fc363cfa51",
      "/Users/jeongyounglee/work/repo/desktop-monster/release/mac-arm64/DesMon.app/Contents/Frameworks/Electron Framework.framework/Resources/v8_context_snapshot.arm64.bin": "9d23d7db0063de4821b9c9a964d47881a6760c0347eeec7b40c1b5e03eb3ce87",
      "/Users/jeongyounglee/work/repo/desktop-monster/release/mac-arm64/DesMon.app/Contents/Frameworks/Electron Framework.framework/Resources/vi.lproj/locale.pak": "78b1e930a92ea1cedf75ba0f7e7d3abce18fa85a97a108ef6869c41b815aad8e",
      "/Users/jeongyounglee/work/repo/desktop-monster/release/mac-arm64/DesMon.app/Contents/Frameworks/Electron Framework.framework/Resources/vi_FEMININE.lproj/locale.pak": "ca73097bd968b363b7145e86b64f3c595e533808b0763dc8863a27fc363cfa51",
      "/Users/jeongyounglee/work/repo/desktop-monster/release/mac-arm64/DesMon.app/Contents/Frameworks/Electron Framework.framework/Resources/vi_MASCULINE.lproj/locale.pak": "ca73097bd968b363b7145e86b64f3c595e533808b0763dc8863a27fc363cfa51",
      "/Users/jeongyounglee/work/repo/desktop-monster/release/mac-arm64/DesMon.app/Contents/Frameworks/Electron Framework.framework/Resources/vi_NEUTER.lproj/locale.pak": "ca73097bd968b363b7145e86b64f3c595e533808b0763dc8863a27fc363cfa51",
      "/Users/jeongyounglee/work/repo/desktop-monster/release/mac-arm64/DesMon.app/Contents/Frameworks/Electron Framework.framework/Resources/zh_CN.lproj/locale.pak": "caacb015e3c3ce1feb191526d327742f980623bc572749861055f53dbb48ffaa",
      "/Users/jeongyounglee/work/repo/desktop-monster/release/mac-arm64/DesMon.app/Contents/Frameworks/Electron Framework.framework/Resources/zh_CN_FEMININE.lproj/locale.pak": "ca73097bd968b363b7145e86b64f3c595e533808b0763dc8863a27fc363cfa51",
      "/Users/jeongyounglee/work/repo/desktop-monster/release/mac-arm64/DesMon.app/Contents/Frameworks/Electron Framework.framework/Resources/zh_CN_MASCULINE.lproj/locale.pak": "ca73097bd968b363b7145e86b64f3c595e533808b0763dc8863a27fc363cfa51",
      "/Users/jeongyounglee/work/repo/desktop-monster/release/mac-arm64/DesMon.app/Contents/Frameworks/Electron Framework.framework/Resources/zh_CN_NEUTER.lproj/locale.pak": "ca73097bd968b363b7145e86b64f3c595e533808b0763dc8863a27fc363cfa51",
      "/Users/jeongyounglee/work/repo/desktop-monster/release/mac-arm64/DesMon.app/Contents/Frameworks/Electron Framework.framework/Resources/zh_TW.lproj/locale.pak": "6402d7eb0f5928d9da46d9fd72a276c30ea3c8b5c72d7d2b1309a2b547959f5a",
      "/Users/jeongyounglee/work/repo/desktop-monster/release/mac-arm64/DesMon.app/Contents/Frameworks/Electron Framework.framework/Resources/zh_TW_FEMININE.lproj/locale.pak": "ca73097bd968b363b7145e86b64f3c595e533808b0763dc8863a27fc363cfa51",
      "/Users/jeongyounglee/work/repo/desktop-monster/release/mac-arm64/DesMon.app/Contents/Frameworks/Electron Framework.framework/Resources/zh_TW_MASCULINE.lproj/locale.pak": "ca73097bd968b363b7145e86b64f3c595e533808b0763dc8863a27fc363cfa51",
      "/Users/jeongyounglee/work/repo/desktop-monster/release/mac-arm64/DesMon.app/Contents/Frameworks/Electron Framework.framework/Resources/zh_TW_NEUTER.lproj/locale.pak": "ca73097bd968b363b7145e86b64f3c595e533808b0763dc8863a27fc363cfa51",
      "/Users/jeongyounglee/work/repo/desktop-monster/release/mac-arm64/DesMon.app/Contents/Frameworks/Electron Framework.framework/Versions/A/Electron Framework": "1d60f89ab52e18d54a57fe4739cfdcc44c295c42bc115b86f74aabc1e6dc08c7",
      "/Users/jeongyounglee/work/repo/desktop-monster/release/mac-arm64/DesMon.app/Contents/Frameworks/Electron Framework.framework/Versions/A/Helpers/chrome_crashpad_handler": "368b8926ba024eec440267d797ed5b4b7b5d81f48eade5226982efa86351d976",
      "/Users/jeongyounglee/work/repo/desktop-monster/release/mac-arm64/DesMon.app/Contents/Frameworks/Electron Framework.framework/Versions/A/Libraries/libEGL.dylib": "797ef38a89fe3e6b6f98ac7f9d883192e9ea94cbb7c7e0dd8cd5fb31a3040892",
      "/Users/jeongyounglee/work/repo/desktop-monster/release/mac-arm64/DesMon.app/Contents/Frameworks/Electron Framework.framework/Versions/A/Libraries/libGLESv2.dylib": "01908d41413b017496d5fbfb21b7503302cc0190283a335c67eae09a9266275d",
      "/Users/jeongyounglee/work/repo/desktop-monster/release/mac-arm64/DesMon.app/Contents/Frameworks/Electron Framework.framework/Versions/A/Libraries/libffmpeg.dylib": "4286cff0266f57aae1b4161d0d933fc8acde79f8f98500f32e52d0d492fd513f",
      "/Users/jeongyounglee/work/repo/desktop-monster/release/mac-arm64/DesMon.app/Contents/Frameworks/Electron Framework.framework/Versions/A/Libraries/libvk_swiftshader.dylib": "9f6ed47ff70d8d3166801ed475cb079f501a026a2e280677c4d8a62d2ca0b7c8",
      "/Users/jeongyounglee/work/repo/desktop-monster/release/mac-arm64/DesMon.app/Contents/Frameworks/Electron Framework.framework/Versions/A/Libraries/vk_swiftshader_icd.json": "d717d915e31e7c27948b80b36ab34e2d897888114c5c7d0af835f93eb53e58f5",
      "/Users/jeongyounglee/work/repo/desktop-monster/release/mac-arm64/DesMon.app/Contents/Frameworks/Electron Framework.framework/Versions/A/Resources/Info.plist": "3db0404c33ccecae88cc9566c0eab44c106845579f31e5cd51e5873f971d7c46",
      "/Users/jeongyounglee/work/repo/desktop-monster/release/mac-arm64/DesMon.app/Contents/Frameworks/Electron Framework.framework/Versions/A/Resources/MainMenu.nib": "4b2168de2d6d9a09b20faaa23139d5f25f73b2595671de25872d191b6939d819",
      "/Users/jeongyounglee/work/repo/desktop-monster/release/mac-arm64/DesMon.app/Contents/Frameworks/Electron Framework.framework/Versions/A/Resources/af.lproj/locale.pak": "69adfacdd22c92385592a225e96d4991ef7cb43deab175390b63f4ea344a270c",
      "/Users/jeongyounglee/work/repo/desktop-monster/release/mac-arm64/DesMon.app/Contents/Frameworks/Electron Framework.framework/Versions/A/Resources/af_FEMININE.lproj/locale.pak": "ca73097bd968b363b7145e86b64f3c595e533808b0763dc8863a27fc363cfa51",
      "/Users/jeongyounglee/work/repo/desktop-monster/release/mac-arm64/DesMon.app/Contents/Frameworks/Electron Framework.framework/Versions/A/Resources/af_MASCULINE.lproj/locale.pak": "ca73097bd968b363b7145e86b64f3c595e533808b0763dc8863a27fc363cfa51",
      "/Users/jeongyounglee/work/repo/desktop-monster/release/mac-arm64/DesMon.app/Contents/Frameworks/Electron Framework.framework/Versions/A/Resources/af_NEUTER.lproj/locale.pak": "ca73097bd968b363b7145e86b64f3c595e533808b0763dc8863a27fc363cfa51",
      "/Users/jeongyounglee/work/repo/desktop-monster/release/mac-arm64/DesMon.app/Contents/Frameworks/Electron Framework.framework/Versions/A/Resources/am.lproj/locale.pak": "96daa068b61cd58ea915ba611f583c599f6f7f941b8107bf02b04df0c56f5f01",
      "/Users/jeongyounglee/work/repo/desktop-monster/release/mac-arm64/DesMon.app/Contents/Frameworks/Electron Framework.framework/Versions/A/Resources/am_FEMININE.lproj/locale.pak": "ca73097bd968b363b7145e86b64f3c595e533808b0763dc8863a27fc363cfa51",
      "/Users/jeongyounglee/work/repo/desktop-monster/release/mac-arm64/DesMon.app/Contents/Frameworks/Electron Framework.framework/Versions/A/Resources/am_MASCULINE.lproj/locale.pak": "ca73097bd968b363b7145e86b64f3c595e533808b0763dc8863a27fc363cfa51",
      "/Users/jeongyounglee/work/repo/desktop-monster/release/mac-arm64/DesMon.app/Contents/Frameworks/Electron Framework.framework/Versions/A/Resources/am_NEUTER.lproj/locale.pak": "ca73097bd968b363b7145e86b64f3c595e533808b0763dc8863a27fc363cfa51",
      "/Users/jeongyounglee/work/repo/desktop-monster/release/mac-arm64/DesMon.app/Contents/Frameworks/Electron Framework.framework/Versions/A/Resources/ar.lproj/locale.pak": "78d4d2b4ad523119eacecd25b8df8fbdcbd0455dbf1a11ee87edce1a3b792219",
      "/Users/jeongyounglee/work/repo/desktop-monster/release/mac-arm64/DesMon.app/Contents/Frameworks/Electron Framework.framework/Versions/A/Resources/ar_FEMININE.lproj/locale.pak": "ca73097bd968b363b7145e86b64f3c595e533808b0763dc8863a27fc363cfa51",
      "/Users/jeongyounglee/work/repo/desktop-monster/release/mac-arm64/DesMon.app/Contents/Frameworks/Electron Framework.framework/Versions/A/Resources/ar_MASCULINE.lproj/locale.pak": "ca73097bd968b363b7145e86b64f3c595e533808b0763dc8863a27fc363cfa51",
      "/Users/jeongyounglee/work/repo/desktop-monster/release/mac-arm64/DesMon.app/Contents/Frameworks/Electron Framework.framework/Versions/A/Resources/ar_NEUTER.lproj/locale.pak": "ca73097bd968b363b7145e86b64f3c595e533808b0763dc8863a27fc363cfa51",
      "/Users/jeongyounglee/work/repo/desktop-monster/release/mac-arm64/DesMon.app/Contents/Frameworks/Electron Framework.framework/Versions/A/Resources/bg.lproj/locale.pak": "09e3a84a059d4790aa05926ea8466b53cf155a9d401a94bb83a7a4a9d368ec9a",
      "/Users/jeongyounglee/work/repo/desktop-monster/release/mac-arm64/DesMon.app/Contents/Frameworks/Electron Framework.framework/Versions/A/Resources/bg_FEMININE.lproj/locale.pak": "ca73097bd968b363b7145e86b64f3c595e533808b0763dc8863a27fc363cfa51",
      "/Users/jeongyounglee/work/repo/desktop-monster/release/mac-arm64/DesMon.app/Contents/Frameworks/Electron Framework.framework/Versions/A/Resources/bg_MASCULINE.lproj/locale.pak": "ca73097bd968b363b7145e86b64f3c595e533808b0763dc8863a27fc363cfa51",
      "/Users/jeongyounglee/work/repo/desktop-monster/release/mac-arm64/DesMon.app/Contents/Frameworks/Electron Framework.framework/Versions/A/Resources/bg_NEUTER.lproj/locale.pak": "ca73097bd968b363b7145e86b64f3c595e533808b0763dc8863a27fc363cfa51",
      "/Users/jeongyounglee/work/repo/desktop-monster/release/mac-arm64/DesMon.app/Contents/Frameworks/Electron Framework.framework/Versions/A/Resources/bn.lproj/locale.pak": "40d0bdc3d09f830135a4b3ada6bb515a3f8c281cd90afd3056bec6ea553a9e57",
      "/Users/jeongyounglee/work/repo/desktop-monster/release/mac-arm64/DesMon.app/Contents/Frameworks/Electron Framework.framework/Versions/A/Resources/bn_FEMININE.lproj/locale.pak": "ca73097bd968b363b7145e86b64f3c595e533808b0763dc8863a27fc363cfa51",
      "/Users/jeongyounglee/work/repo/desktop-monster/release/mac-arm64/DesMon.app/Contents/Frameworks/Electron Framework.framework/Versions/A/Resources/bn_MASCULINE.lproj/locale.pak": "ca73097bd968b363b7145e86b64f3c595e533808b0763dc8863a27fc363cfa51",
      "/Users/jeongyounglee/work/repo/desktop-monster/release/mac-arm64/DesMon.app/Contents/Frameworks/Electron Framework.framework/Versions/A/Resources/bn_NEUTER.lproj/locale.pak": "ca73097bd968b363b7145e86b64f3c595e533808b0763dc8863a27fc363cfa51",
      "/Users/jeongyounglee/work/repo/desktop-monster/release/mac-arm64/DesMon.app/Contents/Frameworks/Electron Framework.framework/Versions/A/Resources/ca.lproj/locale.pak": "2562b797c571abb39d72b9da4b9ea8ce7d2355571926442d596d474ce205f27d",
      "/Users/jeongyounglee/work/repo/desktop-monster/release/mac-arm64/DesMon.app/Contents/Frameworks/Electron Framework.framework/Versions/A/Resources/ca_FEMININE.lproj/locale.pak": "ca73097bd968b363b7145e86b64f3c595e533808b0763dc8863a27fc363cfa51",
      "/Users/jeongyounglee/work/repo/desktop-monster/release/mac-arm64/DesMon.app/Contents/Frameworks/Electron Framework.framework/Versions/A/Resources/ca_MASCULINE.lproj/locale.pak": "ca73097bd968b363b7145e86b64f3c595e533808b0763dc8863a27fc363cfa51",
      "/Users/jeongyounglee/work/repo/desktop-monster/release/mac-arm64/DesMon.app/Contents/Frameworks/Electron Framework.framework/Versions/A/Resources/ca_NEUTER.lproj/locale.pak": "ca73097bd968b363b7145e86b64f3c595e533808b0763dc8863a27fc363cfa51",
      "/Users/jeongyounglee/work/repo/desktop-monster/release/mac-arm64/DesMon.app/Contents/Frameworks/Electron Framework.framework/Versions/A/Resources/chrome_100_percent.pak": "b6cc9e51a1fc03eeabbc612c89e49b13eec556d1c4cceef1b42e2d4135246c8e",
      "/Users/jeongyounglee/work/repo/desktop-monster/release/mac-arm64/DesMon.app/Contents/Frameworks/Electron Framework.framework/Versions/A/Resources/chrome_200_percent.pak": "4f08569a2f8accb033bd0093627eff5ee2e0c159e6e4fa4a3d0b88d1d2e3ee12",
      "/Users/jeongyounglee/work/repo/desktop-monster/release/mac-arm64/DesMon.app/Contents/Frameworks/Electron Framework.framework/Versions/A/Resources/cs.lproj/locale.pak": "377ee3c7a081be483e65a0bc5778ce6afc9ae19079eed3530f5924d9ab4fa9f6",
      "/Users/jeongyounglee/work/repo/desktop-monster/release/mac-arm64/DesMon.app/Contents/Frameworks/Electron Framework.framework/Versions/A/Resources/cs_FEMININE.lproj/locale.pak": "ca73097bd968b363b7145e86b64f3c595e533808b0763dc8863a27fc363cfa51",
      "/Users/jeongyounglee/work/repo/desktop-monster/release/mac-arm64/DesMon.app/Contents/Frameworks/Electron Framework.framework/Versions/A/Resources/cs_MASCULINE.lproj/locale.pak": "ca73097bd968b363b7145e86b64f3c595e533808b0763dc8863a27fc363cfa51",
      "/Users/jeongyounglee/work/repo/desktop-monster/release/mac-arm64/DesMon.app/Contents/Frameworks/Electron Framework.framework/Versions/A/Resources/cs_NEUTER.lproj/locale.pak": "ca73097bd968b363b7145e86b64f3c595e533808b0763dc8863a27fc363cfa51",
      "/Users/jeongyounglee/work/repo/desktop-monster/release/mac-arm64/DesMon.app/Contents/Frameworks/Electron Framework.framework/Versions/A/Resources/da.lproj/locale.pak": "2b4bc11ebc05bbf22570410b4ee3562770c239d29fa23eda9dc4d9edbd65f905",
      "/Users/jeongyounglee/work/repo/desktop-monster/release/mac-arm64/DesMon.app/Contents/Frameworks/Electron Framework.framework/Versions/A/Resources/da_FEMININE.lproj/locale.pak": "ca73097bd968b363b7145e86b64f3c595e533808b0763dc8863a27fc363cfa51",
      "/Users/jeongyounglee/work/repo/desktop-monster/release/mac-arm64/DesMon.app/Contents/Frameworks/Electron Framework.framework/Versions/A/Resources/da_MASCULINE.lproj/locale.pak": "ca73097bd968b363b7145e86b64f3c595e533808b0763dc8863a27fc363cfa51",
      "/Users/jeongyounglee/work/repo/desktop-monster/release/mac-arm64/DesMon.app/Contents/Frameworks/Electron Framework.framework/Versions/A/Resources/da_NEUTER.lproj/locale.pak": "ca73097bd968b363b7145e86b64f3c595e533808b0763dc8863a27fc363cfa51",
      "/Users/jeongyounglee/work/repo/desktop-monster/release/mac-arm64/DesMon.app/Contents/Frameworks/Electron Framework.framework/Versions/A/Resources/de.lproj/locale.pak": "bb70a5fbaef52c454b2868a8e967f80ebc837b52308dca3db3cce8c3fb9d5c21",
      "/Users/jeongyounglee/work/repo/desktop-monster/release/mac-arm64/DesMon.app/Contents/Frameworks/Electron Framework.framework/Versions/A/Resources/de_FEMININE.lproj/locale.pak": "ca73097bd968b363b7145e86b64f3c595e533808b0763dc8863a27fc363cfa51",
      "/Users/jeongyounglee/work/repo/desktop-monster/release/mac-arm64/DesMon.app/Contents/Frameworks/Electron Framework.framework/Versions/A/Resources/de_MASCULINE.lproj/locale.pak": "ca73097bd968b363b7145e86b64f3c595e533808b0763dc8863a27fc363cfa51",
      "/Users/jeongyounglee/work/repo/desktop-monster/release/mac-arm64/DesMon.app/Contents/Frameworks/Electron Framework.framework/Versions/A/Resources/de_NEUTER.lproj/locale.pak": "ca73097bd968b363b7145e86b64f3c595e533808b0763dc8863a27fc363cfa51",
      "/Users/jeongyounglee/work/repo/desktop-monster/release/mac-arm64/DesMon.app/Contents/Frameworks/Electron Framework.framework/Versions/A/Resources/el.lproj/locale.pak": "acf05550d098533724e222201ff0400c935164ba689d53f33da5aaa15c4c4eba",
      "/Users/jeongyounglee/work/repo/desktop-monster/release/mac-arm64/DesMon.app/Contents/Frameworks/Electron Framework.framework/Versions/A/Resources/el_FEMININE.lproj/locale.pak": "ca73097bd968b363b7145e86b64f3c595e533808b0763dc8863a27fc363cfa51",
      "/Users/jeongyounglee/work/repo/desktop-monster/release/mac-arm64/DesMon.app/Contents/Frameworks/Electron Framework.framework/Versions/A/Resources/el_MASCULINE.lproj/locale.pak": "ca73097bd968b363b7145e86b64f3c595e533808b0763dc8863a27fc363cfa51",
      "/Users/jeongyounglee/work/repo/desktop-monster/release/mac-arm64/DesMon.app/Contents/Frameworks/Electron Framework.framework/Versions/A/Resources/el_NEUTER.lproj/locale.pak": "ca73097bd968b363b7145e86b64f3c595e533808b0763dc8863a27fc363cfa51",
      "/Users/jeongyounglee/work/repo/desktop-monster/release/mac-arm64/DesMon.app/Contents/Frameworks/Electron Framework.framework/Versions/A/Resources/en.lproj/locale.pak": "6764999ff76f4b81ce6f67d769c6a93747edd7086fd145924463226ad3932409",
      "/Users/jeongyounglee/work/repo/desktop-monster/release/mac-arm64/DesMon.app/Contents/Frameworks/Electron Framework.framework/Versions/A/Resources/en_FEMININE.lproj/locale.pak": "ca73097bd968b363b7145e86b64f3c595e533808b0763dc8863a27fc363cfa51",
      "/Users/jeongyounglee/work/repo/desktop-monster/release/mac-arm64/DesMon.app/Contents/Frameworks/Electron Framework.framework/Versions/A/Resources/en_GB.lproj/locale.pak": "f7b0625b3c35947990f7e876e33691625cde678e2cb98ec892561ce45180a8c0",
      "/Users/jeongyounglee/work/repo/desktop-monster/release/mac-arm64/DesMon.app/Contents/Frameworks/Electron Framework.framework/Versions/A/Resources/en_GB_FEMININE.lproj/locale.pak": "ca73097bd968b363b7145e86b64f3c595e533808b0763dc8863a27fc363cfa51",
      "/Users/jeongyounglee/work/repo/desktop-monster/release/mac-arm64/DesMon.app/Contents/Frameworks/Electron Framework.framework/Versions/A/Resources/en_GB_MASCULINE.lproj/locale.pak": "ca73097bd968b363b7145e86b64f3c595e533808b0763dc8863a27fc363cfa51",
      "/Users/jeongyounglee/work/repo/desktop-monster/release/mac-arm64/DesMon.app/Contents/Frameworks/Electron Framework.framework/Versions/A/Resources/en_GB_NEUTER.lproj/locale.pak": "ca73097bd968b363b7145e86b64f3c595e533808b0763dc8863a27fc363cfa51",
      "/Users/jeongyounglee/work/repo/desktop-monster/release/mac-arm64/DesMon.app/Contents/Frameworks/Electron Framework.framework/Versions/A/Resources/en_MASCULINE.lproj/locale.pak": "ca73097bd968b363b7145e86b64f3c595e533808b0763dc8863a27fc363cfa51",
      "/Users/jeongyounglee/work/repo/desktop-monster/release/mac-arm64/DesMon.app/Contents/Frameworks/Electron Framework.framework/Versions/A/Resources/en_NEUTER.lproj/locale.pak": "ca73097bd968b363b7145e86b64f3c595e533808b0763dc8863a27fc363cfa51",
      "/Users/jeongyounglee/work/repo/desktop-monster/release/mac-arm64/DesMon.app/Contents/Frameworks/Electron Framework.framework/Versions/A/Resources/es.lproj/locale.pak": "97cb1cf266ffa62f85a7145b43ce0462a7d07d162e3ab23b30aa7d07741bbfe1",
      "/Users/jeongyounglee/work/repo/desktop-monster/release/mac-arm64/DesMon.app/Contents/Frameworks/Electron Framework.framework/Versions/A/Resources/es_419.lproj/locale.pak": "52abea1ab14100de8616cb055988eef106828d1169f616c44dc72d941618fce2",
      "/Users/jeongyounglee/work/repo/desktop-monster/release/mac-arm64/DesMon.app/Contents/Frameworks/Electron Framework.framework/Versions/A/Resources/es_419_FEMININE.lproj/locale.pak": "ca73097bd968b363b7145e86b64f3c595e533808b0763dc8863a27fc363cfa51",
      "/Users/jeongyounglee/work/repo/desktop-monster/release/mac-arm64/DesMon.app/Contents/Frameworks/Electron Framework.framework/Versions/A/Resources/es_419_MASCULINE.lproj/locale.pak": "ca73097bd968b363b7145e86b64f3c595e533808b0763dc8863a27fc363cfa51",
      "/Users/jeongyounglee/work/repo/desktop-monster/release/mac-arm64/DesMon.app/Contents/Frameworks/Electron Framework.framework/Versions/A/Resources/es_419_NEUTER.lproj/locale.pak": "ca73097bd968b363b7145e86b64f3c595e533808b0763dc8863a27fc363cfa51",
      "/Users/jeongyounglee/work/repo/desktop-monster/release/mac-arm64/DesMon.app/Contents/Frameworks/Electron Framework.framework/Versions/A/Resources/es_FEMININE.lproj/locale.pak": "ca73097bd968b363b7145e86b64f3c595e533808b0763dc8863a27fc363cfa51",
      "/Users/jeongyounglee/work/repo/desktop-monster/release/mac-arm64/DesMon.app/Contents/Frameworks/Electron Framework.framework/Versions/A/Resources/es_MASCULINE.lproj/locale.pak": "ca73097bd968b363b7145e86b64f3c595e533808b0763dc8863a27fc363cfa51",
      "/Users/jeongyounglee/work/repo/desktop-monster/release/mac-arm64/DesMon.app/Contents/Frameworks/Electron Framework.framework/Versions/A/Resources/es_NEUTER.lproj/locale.pak": "ca73097bd968b363b7145e86b64f3c595e533808b0763dc8863a27fc363cfa51",
      "/Users/jeongyounglee/work/repo/desktop-monster/release/mac-arm64/DesMon.app/Contents/Frameworks/Electron Framework.framework/Versions/A/Resources/et.lproj/locale.pak": "034397c10adf45d02cf4e72dfe023444bc38d28a0fb733793b4da4e6101a1149",
      "/Users/jeongyounglee/work/repo/desktop-monster/release/mac-arm64/DesMon.app/Contents/Frameworks/Electron Framework.framework/Versions/A/Resources/et_FEMININE.lproj/locale.pak": "ca73097bd968b363b7145e86b64f3c595e533808b0763dc8863a27fc363cfa51",
      "/Users/jeongyounglee/work/repo/desktop-monster/release/mac-arm64/DesMon.app/Contents/Frameworks/Electron Framework.framework/Versions/A/Resources/et_MASCULINE.lproj/locale.pak": "ca73097bd968b363b7145e86b64f3c595e533808b0763dc8863a27fc363cfa51",
      "/Users/jeongyounglee/work/repo/desktop-monster/release/mac-arm64/DesMon.app/Contents/Frameworks/Electron Framework.framework/Versions/A/Resources/et_NEUTER.lproj/locale.pak": "ca73097bd968b363b7145e86b64f3c595e533808b0763dc8863a27fc363cfa51",
      "/Users/jeongyounglee/work/repo/desktop-monster/release/mac-arm64/DesMon.app/Contents/Frameworks/Electron Framework.framework/Versions/A/Resources/fa.lproj/locale.pak": "4186e0efd77dee48575f3bab47ee57069e0fded0cc6c74095e561220b9d5d63a",
      "/Users/jeongyounglee/work/repo/desktop-monster/release/mac-arm64/DesMon.app/Contents/Frameworks/Electron Framework.framework/Versions/A/Resources/fa_FEMININE.lproj/locale.pak": "ca73097bd968b363b7145e86b64f3c595e533808b0763dc8863a27fc363cfa51",
      "/Users/jeongyounglee/work/repo/desktop-monster/release/mac-arm64/DesMon.app/Contents/Frameworks/Electron Framework.framework/Versions/A/Resources/fa_MASCULINE.lproj/locale.pak": "ca73097bd968b363b7145e86b64f3c595e533808b0763dc8863a27fc363cfa51",
      "/Users/jeongyounglee/work/repo/desktop-monster/release/mac-arm64/DesMon.app/Contents/Frameworks/Electron Framework.framework/Versions/A/Resources/fa_NEUTER.lproj/locale.pak": "ca73097bd968b363b7145e86b64f3c595e533808b0763dc8863a27fc363cfa51",
      "/Users/jeongyounglee/work/repo/desktop-monster/release/mac-arm64/DesMon.app/Contents/Frameworks/Electron Framework.framework/Versions/A/Resources/fi.lproj/locale.pak": "7806cb8a64e1dd9092dce61799b1ace8573c98820af92b1045473b26835b7fb1",
      "/Users/jeongyounglee/work/repo/desktop-monster/release/mac-arm64/DesMon.app/Contents/Frameworks/Electron Framework.framework/Versions/A/Resources/fi_FEMININE.lproj/locale.pak": "ca73097bd968b363b7145e86b64f3c595e533808b0763dc8863a27fc363cfa51",
      "/Users/jeongyounglee/work/repo/desktop-monster/release/mac-arm64/DesMon.app/Contents/Frameworks/Electron Framework.framework/Versions/A/Resources/fi_MASCULINE.lproj/locale.pak": "ca73097bd968b363b7145e86b64f3c595e533808b0763dc8863a27fc363cfa51",
      "/Users/jeongyounglee/work/repo/desktop-monster/release/mac-arm64/DesMon.app/Contents/Frameworks/Electron Framework.framework/Versions/A/Resources/fi_NEUTER.lproj/locale.pak": "ca73097bd968b363b7145e86b64f3c595e533808b0763dc8863a27fc363cfa51",
      "/Users/jeongyounglee/work/repo/desktop-monster/release/mac-arm64/DesMon.app/Contents/Frameworks/Electron Framework.framework/Versions/A/Resources/fil.lproj/locale.pak": "c4ec8537ff864fa9fbd0ce6b57bb60d0c5d9e2c33b37c62164cfe8eecfb460d0",
      "/Users/jeongyounglee/work/repo/desktop-monster/release/mac-arm64/DesMon.app/Contents/Frameworks/Electron Framework.framework/Versions/A/Resources/fil_FEMININE.lproj/locale.pak": "ca73097bd968b363b7145e86b64f3c595e533808b0763dc8863a27fc363cfa51",
      "/Users/jeongyounglee/work/repo/desktop-monster/release/mac-arm64/DesMon.app/Contents/Frameworks/Electron Framework.framework/Versions/A/Resources/fil_MASCULINE.lproj/locale.pak": "ca73097bd968b363b7145e86b64f3c595e533808b0763dc8863a27fc363cfa51",
      "/Users/jeongyounglee/work/repo/desktop-monster/release/mac-arm64/DesMon.app/Contents/Frameworks/Electron Framework.framework/Versions/A/Resources/fil_NEUTER.lproj/locale.pak": "ca73097bd968b363b7145e86b64f3c595e533808b0763dc8863a27fc363cfa51",
      "/Users/jeongyounglee/work/repo/desktop-monster/release/mac-arm64/DesMon.app/Contents/Frameworks/Electron Framework.framework/Versions/A/Resources/fr.lproj/locale.pak": "7e06a5e4219d8382e0ba5cba30c0c5dbf4131c70f5a55c326c89b0b5fa8c6dce",
      "/Users/jeongyounglee/work/repo/desktop-monster/release/mac-arm64/DesMon.app/Contents/Frameworks/Electron Framework.framework/Versions/A/Resources/fr_FEMININE.lproj/locale.pak": "ca73097bd968b363b7145e86b64f3c595e533808b0763dc8863a27fc363cfa51",
      "/Users/jeongyounglee/work/repo/desktop-monster/release/mac-arm64/DesMon.app/Contents/Frameworks/Electron Framework.framework/Versions/A/Resources/fr_MASCULINE.lproj/locale.pak": "ca73097bd968b363b7145e86b64f3c595e533808b0763dc8863a27fc363cfa51",
      "/Users/jeongyounglee/work/repo/desktop-monster/release/mac-arm64/DesMon.app/Contents/Frameworks/Electron Framework.framework/Versions/A/Resources/fr_NEUTER.lproj/locale.pak": "ca73097bd968b363b7145e86b64f3c595e533808b0763dc8863a27fc363cfa51",
      "/Users/jeongyounglee/work/repo/desktop-monster/release/mac-arm64/DesMon.app/Contents/Frameworks/Electron Framework.framework/Versions/A/Resources/gu.lproj/locale.pak": "ee5143c095226f0fb0c224e923c0fc235fcea8ba4bef1e568240ba783476dcf6",
      "/Users/jeongyounglee/work/repo/desktop-monster/release/mac-arm64/DesMon.app/Contents/Frameworks/Electron Framework.framework/Versions/A/Resources/gu_FEMININE.lproj/locale.pak": "ca73097bd968b363b7145e86b64f3c595e533808b0763dc8863a27fc363cfa51",
      "/Users/jeongyounglee/work/repo/desktop-monster/release/mac-arm64/DesMon.app/Contents/Frameworks/Electron Framework.framework/Versions/A/Resources/gu_MASCULINE.lproj/locale.pak": "ca73097bd968b363b7145e86b64f3c595e533808b0763dc8863a27fc363cfa51",
      "/Users/jeongyounglee/work/repo/desktop-monster/release/mac-arm64/DesMon.app/Contents/Frameworks/Electron Framework.framework/Versions/A/Resources/gu_NEUTER.lproj/locale.pak": "ca73097bd968b363b7145e86b64f3c595e533808b0763dc8863a27fc363cfa51",
      "/Users/jeongyounglee/work/repo/desktop-monster/release/mac-arm64/DesMon.app/Contents/Frameworks/Electron Framework.framework/Versions/A/Resources/he.lproj/locale.pak": "aa0baeb6379d1fa3389b553e232882ca4477a4ab17d1d6186c4139ee86e4534b",
      "/Users/jeongyounglee/work/repo/desktop-monster/release/mac-arm64/DesMon.app/Contents/Frameworks/Electron Framework.framework/Versions/A/Resources/he_FEMININE.lproj/locale.pak": "ca73097bd968b363b7145e86b64f3c595e533808b0763dc8863a27fc363cfa51",
      "/Users/jeongyounglee/work/repo/desktop-monster/release/mac-arm64/DesMon.app/Contents/Frameworks/Electron Framework.framework/Versions/A/Resources/he_MASCULINE.lproj/locale.pak": "ca73097bd968b363b7145e86b64f3c595e533808b0763dc8863a27fc363cfa51",
      "/Users/jeongyounglee/work/repo/desktop-monster/release/mac-arm64/DesMon.app/Contents/Frameworks/Electron Framework.framework/Versions/A/Resources/he_NEUTER.lproj/locale.pak": "ca73097bd968b363b7145e86b64f3c595e533808b0763dc8863a27fc363cfa51",
      "/Users/jeongyounglee/work/repo/desktop-monster/release/mac-arm64/DesMon.app/Contents/Frameworks/Electron Framework.framework/Versions/A/Resources/hi.lproj/locale.pak": "74e786988eaf37031fe172e007d0dc9d68ec5bdf48b95c54b778048c084f810b",
      "/Users/jeongyounglee/work/repo/desktop-monster/release/mac-arm64/DesMon.app/Contents/Frameworks/Electron Framework.framework/Versions/A/Resources/hi_FEMININE.lproj/locale.pak": "ca73097bd968b363b7145e86b64f3c595e533808b0763dc8863a27fc363cfa51",
      "/Users/jeongyounglee/work/repo/desktop-monster/release/mac-arm64/DesMon.app/Contents/Frameworks/Electron Framework.framework/Versions/A/Resources/hi_MASCULINE.lproj/locale.pak": "ca73097bd968b363b7145e86b64f3c595e533808b0763dc8863a27fc363cfa51",
      "/Users/jeongyounglee/work/repo/desktop-monster/release/mac-arm64/DesMon.app/Contents/Frameworks/Electron Framework.framework/Versions/A/Resources/hi_NEUTER.lproj/locale.pak": "ca73097bd968b363b7145e86b64f3c595e533808b0763dc8863a27fc363cfa51",
      "/Users/jeongyounglee/work/repo/desktop-monster/release/mac-arm64/DesMon.app/Contents/Frameworks/Electron Framework.framework/Versions/A/Resources/hr.lproj/locale.pak": "6576fbd5a36bdc9e73fb7d60669b22f3f122557f8b2543e4e43e85ee78854ac5",
      "/Users/jeongyounglee/work/repo/desktop-monster/release/mac-arm64/DesMon.app/Contents/Frameworks/Electron Framework.framework/Versions/A/Resources/hr_FEMININE.lproj/locale.pak": "ca73097bd968b363b7145e86b64f3c595e533808b0763dc8863a27fc363cfa51",
      "/Users/jeongyounglee/work/repo/desktop-monster/release/mac-arm64/DesMon.app/Contents/Frameworks/Electron Framework.framework/Versions/A/Resources/hr_MASCULINE.lproj/locale.pak": "ca73097bd968b363b7145e86b64f3c595e533808b0763dc8863a27fc363cfa51",
      "/Users/jeongyounglee/work/repo/desktop-monster/release/mac-arm64/DesMon.app/Contents/Frameworks/Electron Framework.framework/Versions/A/Resources/hr_NEUTER.lproj/locale.pak": "ca73097bd968b363b7145e86b64f3c595e533808b0763dc8863a27fc363cfa51",
      "/Users/jeongyounglee/work/repo/desktop-monster/release/mac-arm64/DesMon.app/Contents/Frameworks/Electron Framework.framework/Versions/A/Resources/hu.lproj/locale.pak": "e00f2fb0984d1a591a56ec80ac4d7b913616fccda242d6c385da49657f3596d4",
      "/Users/jeongyounglee/work/repo/desktop-monster/release/mac-arm64/DesMon.app/Contents/Frameworks/Electron Framework.framework/Versions/A/Resources/hu_FEMININE.lproj/locale.pak": "ca73097bd968b363b7145e86b64f3c595e533808b0763dc8863a27fc363cfa51",
      "/Users/jeongyounglee/work/repo/desktop-monster/release/mac-arm64/DesMon.app/Contents/Frameworks/Electron Framework.framework/Versions/A/Resources/hu_MASCULINE.lproj/locale.pak": "ca73097bd968b363b7145e86b64f3c595e533808b0763dc8863a27fc363cfa51",
      "/Users/jeongyounglee/work/repo/desktop-monster/release/mac-arm64/DesMon.app/Contents/Frameworks/Electron Framework.framework/Versions/A/Resources/hu_NEUTER.lproj/locale.pak": "ca73097bd968b363b7145e86b64f3c595e533808b0763dc8863a27fc363cfa51",
      "/Users/jeongyounglee/work/repo/desktop-monster/release/mac-arm64/DesMon.app/Contents/Frameworks/Electron Framework.framework/Versions/A/Resources/icudtl.dat": "5070de99fbd8a48378543511fb7a072f85bf36f94b4f4e1d420d54be1435d6f1",
      "/Users/jeongyounglee/work/repo/desktop-monster/release/mac-arm64/DesMon.app/Contents/Frameworks/Electron Framework.framework/Versions/A/Resources/id.lproj/locale.pak": "cee298b9fe432afd6f84e61f03d4b166cce15b8fb10a70c94305268d9660d432",
      "/Users/jeongyounglee/work/repo/desktop-monster/release/mac-arm64/DesMon.app/Contents/Frameworks/Electron Framework.framework/Versions/A/Resources/id_FEMININE.lproj/locale.pak": "ca73097bd968b363b7145e86b64f3c595e533808b0763dc8863a27fc363cfa51",
      "/Users/jeongyounglee/work/repo/desktop-monster/release/mac-arm64/DesMon.app/Contents/Frameworks/Electron Framework.framework/Versions/A/Resources/id_MASCULINE.lproj/locale.pak": "ca73097bd968b363b7145e86b64f3c595e533808b0763dc8863a27fc363cfa51",
      "/Users/jeongyounglee/work/repo/desktop-monster/release/mac-arm64/DesMon.app/Contents/Frameworks/Electron Framework.framework/Versions/A/Resources/id_NEUTER.lproj/locale.pak": "ca73097bd968b363b7145e86b64f3c595e533808b0763dc8863a27fc363cfa51",
      "/Users/jeongyounglee/work/repo/desktop-monster/release/mac-arm64/DesMon.app/Contents/Frameworks/Electron Framework.framework/Versions/A/Resources/it.lproj/locale.pak": "e38fca443c3b19189da4c22842ff5cccd70336bfc387385f7e7c619c04268d14",
      "/Users/jeongyounglee/work/repo/desktop-monster/release/mac-arm64/DesMon.app/Contents/Frameworks/Electron Framework.framework/Versions/A/Resources/it_FEMININE.lproj/locale.pak": "ca73097bd968b363b7145e86b64f3c595e533808b0763dc8863a27fc363cfa51",
      "/Users/jeongyounglee/work/repo/desktop-monster/release/mac-arm64/DesMon.app/Contents/Frameworks/Electron Framework.framework/Versions/A/Resources/it_MASCULINE.lproj/locale.pak": "ca73097bd968b363b7145e86b64f3c595e533808b0763dc8863a27fc363cfa51",
      "/Users/jeongyounglee/work/repo/desktop-monster/release/mac-arm64/DesMon.app/Contents/Frameworks/Electron Framework.framework/Versions/A/Resources/it_NEUTER.lproj/locale.pak": "ca73097bd968b363b7145e86b64f3c595e533808b0763dc8863a27fc363cfa51",
      "/Users/jeongyounglee/work/repo/desktop-monster/release/mac-arm64/DesMon.app/Contents/Frameworks/Electron Framework.framework/Versions/A/Resources/ja.lproj/locale.pak": "b7a6972fdadf177b5e359102a124167ee0df927c941215235a1dc7055f14a78d",
      "/Users/jeongyounglee/work/repo/desktop-monster/release/mac-arm64/DesMon.app/Contents/Frameworks/Electron Framework.framework/Versions/A/Resources/ja_FEMININE.lproj/locale.pak": "ca73097bd968b363b7145e86b64f3c595e533808b0763dc8863a27fc363cfa51",
      "/Users/jeongyounglee/work/repo/desktop-monster/release/mac-arm64/DesMon.app/Contents/Frameworks/Electron Framework.framework/Versions/A/Resources/ja_MASCULINE.lproj/locale.pak": "ca73097bd968b363b7145e86b64f3c595e533808b0763dc8863a27fc363cfa51",
      "/Users/jeongyounglee/work/repo/desktop-monster/release/mac-arm64/DesMon.app/Contents/Frameworks/Electron Framework.framework/Versions/A/Resources/ja_NEUTER.lproj/locale.pak": "ca73097bd968b363b7145e86b64f3c595e533808b0763dc8863a27fc363cfa51",
      "/Users/jeongyounglee/work/repo/desktop-monster/release/mac-arm64/DesMon.app/Contents/Frameworks/Electron Framework.framework/Versions/A/Resources/kn.lproj/locale.pak": "7ca07e6a83be51a71ae69b946e7105ec5630a14466d2022724eedcdfd77f4c0d",
      "/Users/jeongyounglee/work/repo/desktop-monster/release/mac-arm64/DesMon.app/Contents/Frameworks/Electron Framework.framework/Versions/A/Resources/kn_FEMININE.lproj/locale.pak": "ca73097bd968b363b7145e86b64f3c595e533808b0763dc8863a27fc363cfa51",
      "/Users/jeongyounglee/work/repo/desktop-monster/release/mac-arm64/DesMon.app/Contents/Frameworks/Electron Framework.framework/Versions/A/Resources/kn_MASCULINE.lproj/locale.pak": "ca73097bd968b363b7145e86b64f3c595e533808b0763dc8863a27fc363cfa51",
      "/Users/jeongyounglee/work/repo/desktop-monster/release/mac-arm64/DesMon.app/Contents/Frameworks/Electron Framework.framework/Versions/A/Resources/kn_NEUTER.lproj/locale.pak": "ca73097bd968b363b7145e86b64f3c595e533808b0763dc8863a27fc363cfa51",
      "/Users/jeongyounglee/work/repo/desktop-monster/release/mac-arm64/DesMon.app/Contents/Frameworks/Electron Framework.framework/Versions/A/Resources/ko.lproj/locale.pak": "099333a75c8b2274a14bf6ab0ab0b4d8f27a0c7fa1aeebbb8a82c46d62ca70b3",
      "/Users/jeongyounglee/work/repo/desktop-monster/release/mac-arm64/DesMon.app/Contents/Frameworks/Electron Framework.framework/Versions/A/Resources/ko_FEMININE.lproj/locale.pak": "ca73097bd968b363b7145e86b64f3c595e533808b0763dc8863a27fc363cfa51",
      "/Users/jeongyounglee/work/repo/desktop-monster/release/mac-arm64/DesMon.app/Contents/Frameworks/Electron Framework.framework/Versions/A/Resources/ko_MASCULINE.lproj/locale.pak": "ca73097bd968b363b7145e86b64f3c595e533808b0763dc8863a27fc363cfa51",
      "/Users/jeongyounglee/work/repo/desktop-monster/release/mac-arm64/DesMon.app/Contents/Frameworks/Electron Framework.framework/Versions/A/Resources/ko_NEUTER.lproj/locale.pak": "ca73097bd968b363b7145e86b64f3c595e533808b0763dc8863a27fc363cfa51",
      "/Users/jeongyounglee/work/repo/desktop-monster/release/mac-arm64/DesMon.app/Contents/Frameworks/Electron Framework.framework/Versions/A/Resources/lt.lproj/locale.pak": "dd0314b4dee776ab928defc127b7e344ac5cac4b5380c4bf308f32c4c4cc2c4d",
      "/Users/jeongyounglee/work/repo/desktop-monster/release/mac-arm64/DesMon.app/Contents/Frameworks/Electron Framework.framework/Versions/A/Resources/lt_FEMININE.lproj/locale.pak": "ca73097bd968b363b7145e86b64f3c595e533808b0763dc8863a27fc363cfa51",
      "/Users/jeongyounglee/work/repo/desktop-monster/release/mac-arm64/DesMon.app/Contents/Frameworks/Electron Framework.framework/Versions/A/Resources/lt_MASCULINE.lproj/locale.pak": "ca73097bd968b363b7145e86b64f3c595e533808b0763dc8863a27fc363cfa51",
      "/Users/jeongyounglee/work/repo/desktop-monster/release/mac-arm64/DesMon.app/Contents/Frameworks/Electron Framework.framework/Versions/A/Resources/lt_NEUTER.lproj/locale.pak": "ca73097bd968b363b7145e86b64f3c595e533808b0763dc8863a27fc363cfa51",
      "/Users/jeongyounglee/work/repo/desktop-monster/release/mac-arm64/DesMon.app/Contents/Frameworks/Electron Framework.framework/Versions/A/Resources/lv.lproj/locale.pak": "6bb0897895b5b74dd5c68c1cb0f50f765cf5b30a92e9d74aee9acdfcf408baba",
      "/Users/jeongyounglee/work/repo/desktop-monster/release/mac-arm64/DesMon.app/Contents/Frameworks/Electron Framework.framework/Versions/A/Resources/lv_FEMININE.lproj/locale.pak": "ca73097bd968b363b7145e86b64f3c595e533808b0763dc8863a27fc363cfa51",
      "/Users/jeongyounglee/work/repo/desktop-monster/release/mac-arm64/DesMon.app/Contents/Frameworks/Electron Framework.framework/Versions/A/Resources/lv_MASCULINE.lproj/locale.pak": "ca73097bd968b363b7145e86b64f3c595e533808b0763dc8863a27fc363cfa51",
      "/Users/jeongyounglee/work/repo/desktop-monster/release/mac-arm64/DesMon.app/Contents/Frameworks/Electron Framework.framework/Versions/A/Resources/lv_NEUTER.lproj/locale.pak": "ca73097bd968b363b7145e86b64f3c595e533808b0763dc8863a27fc363cfa51",
      "/Users/jeongyounglee/work/repo/desktop-monster/release/mac-arm64/DesMon.app/Contents/Frameworks/Electron Framework.framework/Versions/A/Resources/ml.lproj/locale.pak": "253ad79f021f876de72d0e40b695f71889763ba268a4a29a9f1222a6569616bb",
      "/Users/jeongyounglee/work/repo/desktop-monster/release/mac-arm64/DesMon.app/Contents/Frameworks/Electron Framework.framework/Versions/A/Resources/ml_FEMININE.lproj/locale.pak": "ca73097bd968b363b7145e86b64f3c595e533808b0763dc8863a27fc363cfa51",
      "/Users/jeongyounglee/work/repo/desktop-monster/release/mac-arm64/DesMon.app/Contents/Frameworks/Electron Framework.framework/Versions/A/Resources/ml_MASCULINE.lproj/locale.pak": "ca73097bd968b363b7145e86b64f3c595e533808b0763dc8863a27fc363cfa51",
      "/Users/jeongyounglee/work/repo/desktop-monster/release/mac-arm64/DesMon.app/Contents/Frameworks/Electron Framework.framework/Versions/A/Resources/ml_NEUTER.lproj/locale.pak": "ca73097bd968b363b7145e86b64f3c595e533808b0763dc8863a27fc363cfa51",
      "/Users/jeongyounglee/work/repo/desktop-monster/release/mac-arm64/DesMon.app/Contents/Frameworks/Electron Framework.framework/Versions/A/Resources/mr.lproj/locale.pak": "3e4b3442cf597de60e14d5b5ac066b6cd813767cc008953309e62724a198fdf5",
      "/Users/jeongyounglee/work/repo/desktop-monster/release/mac-arm64/DesMon.app/Contents/Frameworks/Electron Framework.framework/Versions/A/Resources/mr_FEMININE.lproj/locale.pak": "ca73097bd968b363b7145e86b64f3c595e533808b0763dc8863a27fc363cfa51",
      "/Users/jeongyounglee/work/repo/desktop-monster/release/mac-arm64/DesMon.app/Contents/Frameworks/Electron Framework.framework/Versions/A/Resources/mr_MASCULINE.lproj/locale.pak": "ca73097bd968b363b7145e86b64f3c595e533808b0763dc8863a27fc363cfa51",
      "/Users/jeongyounglee/work/repo/desktop-monster/release/mac-arm64/DesMon.app/Contents/Frameworks/Electron Framework.framework/Versions/A/Resources/mr_NEUTER.lproj/locale.pak": "ca73097bd968b363b7145e86b64f3c595e533808b0763dc8863a27fc363cfa51",
      "/Users/jeongyounglee/work/repo/desktop-monster/release/mac-arm64/DesMon.app/Contents/Frameworks/Electron Framework.framework/Versions/A/Resources/ms.lproj/locale.pak": "4007e32f10232de56464d7d74548849f7115c5e0e78d5c0773cdcff7d6cdf983",
      "/Users/jeongyounglee/work/repo/desktop-monster/release/mac-arm64/DesMon.app/Contents/Frameworks/Electron Framework.framework/Versions/A/Resources/ms_FEMININE.lproj/locale.pak": "ca73097bd968b363b7145e86b64f3c595e533808b0763dc8863a27fc363cfa51",
      "/Users/jeongyounglee/work/repo/desktop-monster/release/mac-arm64/DesMon.app/Contents/Frameworks/Electron Framework.framework/Versions/A/Resources/ms_MASCULINE.lproj/locale.pak": "ca73097bd968b363b7145e86b64f3c595e533808b0763dc8863a27fc363cfa51",
      "/Users/jeongyounglee/work/repo/desktop-monster/release/mac-arm64/DesMon.app/Contents/Frameworks/Electron Framework.framework/Versions/A/Resources/ms_NEUTER.lproj/locale.pak": "ca73097bd968b363b7145e86b64f3c595e533808b0763dc8863a27fc363cfa51",
      "/Users/jeongyounglee/work/repo/desktop-monster/release/mac-arm64/DesMon.app/Contents/Frameworks/Electron Framework.framework/Versions/A/Resources/nb.lproj/locale.pak": "adf78b55d3d68bd0dc535478b9e61ec32c9d36212757df93ada62c61306822cc",
      "/Users/jeongyounglee/work/repo/desktop-monster/release/mac-arm64/DesMon.app/Contents/Frameworks/Electron Framework.framework/Versions/A/Resources/nb_FEMININE.lproj/locale.pak": "ca73097bd968b363b7145e86b64f3c595e533808b0763dc8863a27fc363cfa51",
      "/Users/jeongyounglee/work/repo/desktop-monster/release/mac-arm64/DesMon.app/Contents/Frameworks/Electron Framework.framework/Versions/A/Resources/nb_MASCULINE.lproj/locale.pak": "ca73097bd968b363b7145e86b64f3c595e533808b0763dc8863a27fc363cfa51",
      "/Users/jeongyounglee/work/repo/desktop-monster/release/mac-arm64/DesMon.app/Contents/Frameworks/Electron Framework.framework/Versions/A/Resources/nb_NEUTER.lproj/locale.pak": "ca73097bd968b363b7145e86b64f3c595e533808b0763dc8863a27fc363cfa51",
      "/Users/jeongyounglee/work/repo/desktop-monster/release/mac-arm64/DesMon.app/Contents/Frameworks/Electron Framework.framework/Versions/A/Resources/nl.lproj/locale.pak": "60d1c67b85138b58b0497674ccbc82e7879e58ce7eaf9c2d25f29040b6d52077",
      "/Users/jeongyounglee/work/repo/desktop-monster/release/mac-arm64/DesMon.app/Contents/Frameworks/Electron Framework.framework/Versions/A/Resources/nl_FEMININE.lproj/locale.pak": "ca73097bd968b363b7145e86b64f3c595e533808b0763dc8863a27fc363cfa51",
      "/Users/jeongyounglee/work/repo/desktop-monster/release/mac-arm64/DesMon.app/Contents/Frameworks/Electron Framework.framework/Versions/A/Resources/nl_MASCULINE.lproj/locale.pak": "ca73097bd968b363b7145e86b64f3c595e533808b0763dc8863a27fc363cfa51",
      "/Users/jeongyounglee/work/repo/desktop-monster/release/mac-arm64/DesMon.app/Contents/Frameworks/Electron Framework.framework/Versions/A/Resources/nl_NEUTER.lproj/locale.pak": "ca73097bd968b363b7145e86b64f3c595e533808b0763dc8863a27fc363cfa51",
      "/Users/jeongyounglee/work/repo/desktop-monster/release/mac-arm64/DesMon.app/Contents/Frameworks/Electron Framework.framework/Versions/A/Resources/pl.lproj/locale.pak": "dc8ef71143eb4d31958f799ea1116adcd3d15fd6f5bb23b125ed039fd63ed6f0",
      "/Users/jeongyounglee/work/repo/desktop-monster/release/mac-arm64/DesMon.app/Contents/Frameworks/Electron Framework.framework/Versions/A/Resources/pl_FEMININE.lproj/locale.pak": "ca73097bd968b363b7145e86b64f3c595e533808b0763dc8863a27fc363cfa51",
      "/Users/jeongyounglee/work/repo/desktop-monster/release/mac-arm64/DesMon.app/Contents/Frameworks/Electron Framework.framework/Versions/A/Resources/pl_MASCULINE.lproj/locale.pak": "ca73097bd968b363b7145e86b64f3c595e533808b0763dc8863a27fc363cfa51",
      "/Users/jeongyounglee/work/repo/desktop-monster/release/mac-arm64/DesMon.app/Contents/Frameworks/Electron Framework.framework/Versions/A/Resources/pl_NEUTER.lproj/locale.pak": "ca73097bd968b363b7145e86b64f3c595e533808b0763dc8863a27fc363cfa51",
      "/Users/jeongyounglee/work/repo/desktop-monster/release/mac-arm64/DesMon.app/Contents/Frameworks/Electron Framework.framework/Versions/A/Resources/pt_BR.lproj/locale.pak": "144fb564da9b9063691453824f51347779d5aea4766449fe2f21bb4e158d890e",
      "/Users/jeongyounglee/work/repo/desktop-monster/release/mac-arm64/DesMon.app/Contents/Frameworks/Electron Framework.framework/Versions/A/Resources/pt_BR_FEMININE.lproj/locale.pak": "ca73097bd968b363b7145e86b64f3c595e533808b0763dc8863a27fc363cfa51",
      "/Users/jeongyounglee/work/repo/desktop-monster/release/mac-arm64/DesMon.app/Contents/Frameworks/Electron Framework.framework/Versions/A/Resources/pt_BR_MASCULINE.lproj/locale.pak": "ca73097bd968b363b7145e86b64f3c595e533808b0763dc8863a27fc363cfa51",
      "/Users/jeongyounglee/work/repo/desktop-monster/release/mac-arm64/DesMon.app/Contents/Frameworks/Electron Framework.framework/Versions/A/Resources/pt_BR_NEUTER.lproj/locale.pak": "ca73097bd968b363b7145e86b64f3c595e533808b0763dc8863a27fc363cfa51",
      "/Users/jeongyounglee/work/repo/desktop-monster/release/mac-arm64/DesMon.app/Contents/Frameworks/Electron Framework.framework/Versions/A/Resources/pt_PT.lproj/locale.pak": "18b33c098934c190c93c32f27b1dbe2bc65721bb2d2d037dcfa47e4d8d5f7100",
      "/Users/jeongyounglee/work/repo/desktop-monster/release/mac-arm64/DesMon.app/Contents/Frameworks/Electron Framework.framework/Versions/A/Resources/pt_PT_FEMININE.lproj/locale.pak": "ca73097bd968b363b7145e86b64f3c595e533808b0763dc8863a27fc363cfa51",
      "/Users/jeongyounglee/work/repo/desktop-monster/release/mac-arm64/DesMon.app/Contents/Frameworks/Electron Framework.framework/Versions/A/Resources/pt_PT_MASCULINE.lproj/locale.pak": "ca73097bd968b363b7145e86b64f3c595e533808b0763dc8863a27fc363cfa51",
      "/Users/jeongyounglee/work/repo/desktop-monster/release/mac-arm64/DesMon.app/Contents/Frameworks/Electron Framework.framework/Versions/A/Resources/pt_PT_NEUTER.lproj/locale.pak": "ca73097bd968b363b7145e86b64f3c595e533808b0763dc8863a27fc363cfa51",
      "/Users/jeongyounglee/work/repo/desktop-monster/release/mac-arm64/DesMon.app/Contents/Frameworks/Electron Framework.framework/Versions/A/Resources/resources.pak": "fe09b0c6634e796f2296359f609f40ca0cad4b360ff060cf5287fb5425589bff",
      "/Users/jeongyounglee/work/repo/desktop-monster/release/mac-arm64/DesMon.app/Contents/Frameworks/Electron Framework.framework/Versions/A/Resources/ro.lproj/locale.pak": "db77fe45d6a4e521ffec4234285416a241fadfed4c9fa25058bcd5c3ddab636f",
      "/Users/jeongyounglee/work/repo/desktop-monster/release/mac-arm64/DesMon.app/Contents/Frameworks/Electron Framework.framework/Versions/A/Resources/ro_FEMININE.lproj/locale.pak": "ca73097bd968b363b7145e86b64f3c595e533808b0763dc8863a27fc363cfa51",
      "/Users/jeongyounglee/work/repo/desktop-monster/release/mac-arm64/DesMon.app/Contents/Frameworks/Electron Framework.framework/Versions/A/Resources/ro_MASCULINE.lproj/locale.pak": "ca73097bd968b363b7145e86b64f3c595e533808b0763dc8863a27fc363cfa51",
      "/Users/jeongyounglee/work/repo/desktop-monster/release/mac-arm64/DesMon.app/Contents/Frameworks/Electron Framework.framework/Versions/A/Resources/ro_NEUTER.lproj/locale.pak": "ca73097bd968b363b7145e86b64f3c595e533808b0763dc8863a27fc363cfa51",
      "/Users/jeongyounglee/work/repo/desktop-monster/release/mac-arm64/DesMon.app/Contents/Frameworks/Electron Framework.framework/Versions/A/Resources/ru.lproj/locale.pak": "18e0d216779858468e0fa40f1752274b626c6a62009c4209d3a0606cbaf4bfca",
      "/Users/jeongyounglee/work/repo/desktop-monster/release/mac-arm64/DesMon.app/Contents/Frameworks/Electron Framework.framework/Versions/A/Resources/ru_FEMININE.lproj/locale.pak": "ca73097bd968b363b7145e86b64f3c595e533808b0763dc8863a27fc363cfa51",
      "/Users/jeongyounglee/work/repo/desktop-monster/release/mac-arm64/DesMon.app/Contents/Frameworks/Electron Framework.framework/Versions/A/Resources/ru_MASCULINE.lproj/locale.pak": "ca73097bd968b363b7145e86b64f3c595e533808b0763dc8863a27fc363cfa51",
      "/Users/jeongyounglee/work/repo/desktop-monster/release/mac-arm64/DesMon.app/Contents/Frameworks/Electron Framework.framework/Versions/A/Resources/ru_NEUTER.lproj/locale.pak": "ca73097bd968b363b7145e86b64f3c595e533808b0763dc8863a27fc363cfa51",
      "/Users/jeongyounglee/work/repo/desktop-monster/release/mac-arm64/DesMon.app/Contents/Frameworks/Electron Framework.framework/Versions/A/Resources/sk.lproj/locale.pak": "4855da564dd6f53d8a6523fafac12678736641fdaf8299d7c07c219dd6ae52cb",
      "/Users/jeongyounglee/work/repo/desktop-monster/release/mac-arm64/DesMon.app/Contents/Frameworks/Electron Framework.framework/Versions/A/Resources/sk_FEMININE.lproj/locale.pak": "ca73097bd968b363b7145e86b64f3c595e533808b0763dc8863a27fc363cfa51",
      "/Users/jeongyounglee/work/repo/desktop-monster/release/mac-arm64/DesMon.app/Contents/Frameworks/Electron Framework.framework/Versions/A/Resources/sk_MASCULINE.lproj/locale.pak": "ca73097bd968b363b7145e86b64f3c595e533808b0763dc8863a27fc363cfa51",
      "/Users/jeongyounglee/work/repo/desktop-monster/release/mac-arm64/DesMon.app/Contents/Frameworks/Electron Framework.framework/Versions/A/Resources/sk_NEUTER.lproj/locale.pak": "ca73097bd968b363b7145e86b64f3c595e533808b0763dc8863a27fc363cfa51",
      "/Users/jeongyounglee/work/repo/desktop-monster/release/mac-arm64/DesMon.app/Contents/Frameworks/Electron Framework.framework/Versions/A/Resources/sl.lproj/locale.pak": "9c53c23cae3dec230e337d6390538cfa8eef6162bc5ece192d0d23f03f355e60",
      "/Users/jeongyounglee/work/repo/desktop-monster/release/mac-arm64/DesMon.app/Contents/Frameworks/Electron Framework.framework/Versions/A/Resources/sl_FEMININE.lproj/locale.pak": "ca73097bd968b363b7145e86b64f3c595e533808b0763dc8863a27fc363cfa51",
      "/Users/jeongyounglee/work/repo/desktop-monster/release/mac-arm64/DesMon.app/Contents/Frameworks/Electron Framework.framework/Versions/A/Resources/sl_MASCULINE.lproj/locale.pak": "ca73097bd968b363b7145e86b64f3c595e533808b0763dc8863a27fc363cfa51",
      "/Users/jeongyounglee/work/repo/desktop-monster/release/mac-arm64/DesMon.app/Contents/Frameworks/Electron Framework.framework/Versions/A/Resources/sl_NEUTER.lproj/locale.pak": "ca73097bd968b363b7145e86b64f3c595e533808b0763dc8863a27fc363cfa51",
      "/Users/jeongyounglee/work/repo/desktop-monster/release/mac-arm64/DesMon.app/Contents/Frameworks/Electron Framework.framework/Versions/A/Resources/sr.lproj/locale.pak": "a73291fc773827af9e3c9b4317552eda488633f2eaea4a5893ad3980329170a7",
      "/Users/jeongyounglee/work/repo/desktop-monster/release/mac-arm64/DesMon.app/Contents/Frameworks/Electron Framework.framework/Versions/A/Resources/sr_FEMININE.lproj/locale.pak": "ca73097bd968b363b7145e86b64f3c595e533808b0763dc8863a27fc363cfa51",
      "/Users/jeongyounglee/work/repo/desktop-monster/release/mac-arm64/DesMon.app/Contents/Frameworks/Electron Framework.framework/Versions/A/Resources/sr_MASCULINE.lproj/locale.pak": "ca73097bd968b363b7145e86b64f3c595e533808b0763dc8863a27fc363cfa51",
      "/Users/jeongyounglee/work/repo/desktop-monster/release/mac-arm64/DesMon.app/Contents/Frameworks/Electron Framework.framework/Versions/A/Resources/sr_NEUTER.lproj/locale.pak": "ca73097bd968b363b7145e86b64f3c595e533808b0763dc8863a27fc363cfa51",
      "/Users/jeongyounglee/work/repo/desktop-monster/release/mac-arm64/DesMon.app/Contents/Frameworks/Electron Framework.framework/Versions/A/Resources/sv.lproj/locale.pak": "8a20844ddbbee27b05e341ab6e0afa6838f215ee6eece4d16b4d09e57855309a",
      "/Users/jeongyounglee/work/repo/desktop-monster/release/mac-arm64/DesMon.app/Contents/Frameworks/Electron Framework.framework/Versions/A/Resources/sv_FEMININE.lproj/locale.pak": "ca73097bd968b363b7145e86b64f3c595e533808b0763dc8863a27fc363cfa51",
      "/Users/jeongyounglee/work/repo/desktop-monster/release/mac-arm64/DesMon.app/Contents/Frameworks/Electron Framework.framework/Versions/A/Resources/sv_MASCULINE.lproj/locale.pak": "ca73097bd968b363b7145e86b64f3c595e533808b0763dc8863a27fc363cfa51",
      "/Users/jeongyounglee/work/repo/desktop-monster/release/mac-arm64/DesMon.app/Contents/Frameworks/Electron Framework.framework/Versions/A/Resources/sv_NEUTER.lproj/locale.pak": "ca73097bd968b363b7145e86b64f3c595e533808b0763dc8863a27fc363cfa51",
      "/Users/jeongyounglee/work/repo/desktop-monster/release/mac-arm64/DesMon.app/Contents/Frameworks/Electron Framework.framework/Versions/A/Resources/sw.lproj/locale.pak": "90bacd490b3667d55420fd5caa898718fe19f05d486cf34d2f1116763d87aa97",
      "/Users/jeongyounglee/work/repo/desktop-monster/release/mac-arm64/DesMon.app/Contents/Frameworks/Electron Framework.framework/Versions/A/Resources/sw_FEMININE.lproj/locale.pak": "ca73097bd968b363b7145e86b64f3c595e533808b0763dc8863a27fc363cfa51",
      "/Users/jeongyounglee/work/repo/desktop-monster/release/mac-arm64/DesMon.app/Contents/Frameworks/Electron Framework.framework/Versions/A/Resources/sw_MASCULINE.lproj/locale.pak": "ca73097bd968b363b7145e86b64f3c595e533808b0763dc8863a27fc363cfa51",
      "/Users/jeongyounglee/work/repo/desktop-monster/release/mac-arm64/DesMon.app/Contents/Frameworks/Electron Framework.framework/Versions/A/Resources/sw_NEUTER.lproj/locale.pak": "ca73097bd968b363b7145e86b64f3c595e533808b0763dc8863a27fc363cfa51",
      "/Users/jeongyounglee/work/repo/desktop-monster/release/mac-arm64/DesMon.app/Contents/Frameworks/Electron Framework.framework/Versions/A/Resources/ta.lproj/locale.pak": "39c9bcbd6b0bc6d9c89ed033ecaeb2f671221522cd53e2df620caa4079a25ffc",
      "/Users/jeongyounglee/work/repo/desktop-monster/release/mac-arm64/DesMon.app/Contents/Frameworks/Electron Framework.framework/Versions/A/Resources/ta_FEMININE.lproj/locale.pak": "ca73097bd968b363b7145e86b64f3c595e533808b0763dc8863a27fc363cfa51",
      "/Users/jeongyounglee/work/repo/desktop-monster/release/mac-arm64/DesMon.app/Contents/Frameworks/Electron Framework.framework/Versions/A/Resources/ta_MASCULINE.lproj/locale.pak": "ca73097bd968b363b7145e86b64f3c595e533808b0763dc8863a27fc363cfa51",
      "/Users/jeongyounglee/work/repo/desktop-monster/release/mac-arm64/DesMon.app/Contents/Frameworks/Electron Framework.framework/Versions/A/Resources/ta_NEUTER.lproj/locale.pak": "ca73097bd968b363b7145e86b64f3c595e533808b0763dc8863a27fc363cfa51",
      "/Users/jeongyounglee/work/repo/desktop-monster/release/mac-arm64/DesMon.app/Contents/Frameworks/Electron Framework.framework/Versions/A/Resources/te.lproj/locale.pak": "a44aabaa4e9aa528149a8af5832bdb6c5bf89c593e2043f2374feec7a8ec2639",
      "/Users/jeongyounglee/work/repo/desktop-monster/release/mac-arm64/DesMon.app/Contents/Frameworks/Electron Framework.framework/Versions/A/Resources/te_FEMININE.lproj/locale.pak": "ca73097bd968b363b7145e86b64f3c595e533808b0763dc8863a27fc363cfa51",
      "/Users/jeongyounglee/work/repo/desktop-monster/release/mac-arm64/DesMon.app/Contents/Frameworks/Electron Framework.framework/Versions/A/Resources/te_MASCULINE.lproj/locale.pak": "ca73097bd968b363b7145e86b64f3c595e533808b0763dc8863a27fc363cfa51",
      "/Users/jeongyounglee/work/repo/desktop-monster/release/mac-arm64/DesMon.app/Contents/Frameworks/Electron Framework.framework/Versions/A/Resources/te_NEUTER.lproj/locale.pak": "ca73097bd968b363b7145e86b64f3c595e533808b0763dc8863a27fc363cfa51",
      "/Users/jeongyounglee/work/repo/desktop-monster/release/mac-arm64/DesMon.app/Contents/Frameworks/Electron Framework.framework/Versions/A/Resources/th.lproj/locale.pak": "6df2a3477c472f14a1ce60519f6166ba88a0b278e68f723772a3db252d603ecc",
      "/Users/jeongyounglee/work/repo/desktop-monster/release/mac-arm64/DesMon.app/Contents/Frameworks/Electron Framework.framework/Versions/A/Resources/th_FEMININE.lproj/locale.pak": "ca73097bd968b363b7145e86b64f3c595e533808b0763dc8863a27fc363cfa51",
      "/Users/jeongyounglee/work/repo/desktop-monster/release/mac-arm64/DesMon.app/Contents/Frameworks/Electron Framework.framework/Versions/A/Resources/th_MASCULINE.lproj/locale.pak": "ca73097bd968b363b7145e86b64f3c595e533808b0763dc8863a27fc363cfa51",
      "/Users/jeongyounglee/work/repo/desktop-monster/release/mac-arm64/DesMon.app/Contents/Frameworks/Electron Framework.framework/Versions/A/Resources/th_NEUTER.lproj/locale.pak": "ca73097bd968b363b7145e86b64f3c595e533808b0763dc8863a27fc363cfa51",
      "/Users/jeongyounglee/work/repo/desktop-monster/release/mac-arm64/DesMon.app/Contents/Frameworks/Electron Framework.framework/Versions/A/Resources/tr.lproj/locale.pak": "2891fdcbf88c8dea2383d4d9abb225d1423c0b38d9ea33e1c552eb40a1ae5fe6",
      "/Users/jeongyounglee/work/repo/desktop-monster/release/mac-arm64/DesMon.app/Contents/Frameworks/Electron Framework.framework/Versions/A/Resources/tr_FEMININE.lproj/locale.pak": "ca73097bd968b363b7145e86b64f3c595e533808b0763dc8863a27fc363cfa51",
      "/Users/jeongyounglee/work/repo/desktop-monster/release/mac-arm64/DesMon.app/Contents/Frameworks/Electron Framework.framework/Versions/A/Resources/tr_MASCULINE.lproj/locale.pak": "ca73097bd968b363b7145e86b64f3c595e533808b0763dc8863a27fc363cfa51",
      "/Users/jeongyounglee/work/repo/desktop-monster/release/mac-arm64/DesMon.app/Contents/Frameworks/Electron Framework.framework/Versions/A/Resources/tr_NEUTER.lproj/locale.pak": "ca73097bd968b363b7145e86b64f3c595e533808b0763dc8863a27fc363cfa51",
      "/Users/jeongyounglee/work/repo/desktop-monster/release/mac-arm64/DesMon.app/Contents/Frameworks/Electron Framework.framework/Versions/A/Resources/uk.lproj/locale.pak": "326b200c45b999b86ab90db588e6d856fba96f79ed7fe4291d2248929aa6f857",
      "/Users/jeongyounglee/work/repo/desktop-monster/release/mac-arm64/DesMon.app/Contents/Frameworks/Electron Framework.framework/Versions/A/Resources/uk_FEMININE.lproj/locale.pak": "ca73097bd968b363b7145e86b64f3c595e533808b0763dc8863a27fc363cfa51",
      "/Users/jeongyounglee/work/repo/desktop-monster/release/mac-arm64/DesMon.app/Contents/Frameworks/Electron Framework.framework/Versions/A/Resources/uk_MASCULINE.lproj/locale.pak": "ca73097bd968b363b7145e86b64f3c595e533808b0763dc8863a27fc363cfa51",
      "/Users/jeongyounglee/work/repo/desktop-monster/release/mac-arm64/DesMon.app/Contents/Frameworks/Electron Framework.framework/Versions/A/Resources/uk_NEUTER.lproj/locale.pak": "ca73097bd968b363b7145e86b64f3c595e533808b0763dc8863a27fc363cfa51",
      "/Users/jeongyounglee/work/repo/desktop-monster/release/mac-arm64/DesMon.app/Contents/Frameworks/Electron Framework.framework/Versions/A/Resources/ur.lproj/locale.pak": "c15857494b69160d8acc6c1c34bd08f0ff9d8355703dbf782b27610447535b47",
      "/Users/jeongyounglee/work/repo/desktop-monster/release/mac-arm64/DesMon.app/Contents/Frameworks/Electron Framework.framework/Versions/A/Resources/ur_FEMININE.lproj/locale.pak": "ca73097bd968b363b7145e86b64f3c595e533808b0763dc8863a27fc363cfa51",
      "/Users/jeongyounglee/work/repo/desktop-monster/release/mac-arm64/DesMon.app/Contents/Frameworks/Electron Framework.framework/Versions/A/Resources/ur_MASCULINE.lproj/locale.pak": "ca73097bd968b363b7145e86b64f3c595e533808b0763dc8863a27fc363cfa51",
      "/Users/jeongyounglee/work/repo/desktop-monster/release/mac-arm64/DesMon.app/Contents/Frameworks/Electron Framework.framework/Versions/A/Resources/ur_NEUTER.lproj/locale.pak": "ca73097bd968b363b7145e86b64f3c595e533808b0763dc8863a27fc363cfa51",
      "/Users/jeongyounglee/work/repo/desktop-monster/release/mac-arm64/DesMon.app/Contents/Frameworks/Electron Framework.framework/Versions/A/Resources/v8_context_snapshot.arm64.bin": "9d23d7db0063de4821b9c9a964d47881a6760c0347eeec7b40c1b5e03eb3ce87",
      "/Users/jeongyounglee/work/repo/desktop-monster/release/mac-arm64/DesMon.app/Contents/Frameworks/Electron Framework.framework/Versions/A/Resources/vi.lproj/locale.pak": "78b1e930a92ea1cedf75ba0f7e7d3abce18fa85a97a108ef6869c41b815aad8e",
      "/Users/jeongyounglee/work/repo/desktop-monster/release/mac-arm64/DesMon.app/Contents/Frameworks/Electron Framework.framework/Versions/A/Resources/vi_FEMININE.lproj/locale.pak": "ca73097bd968b363b7145e86b64f3c595e533808b0763dc8863a27fc363cfa51",
      "/Users/jeongyounglee/work/repo/desktop-monster/release/mac-arm64/DesMon.app/Contents/Frameworks/Electron Framework.framework/Versions/A/Resources/vi_MASCULINE.lproj/locale.pak": "ca73097bd968b363b7145e86b64f3c595e533808b0763dc8863a27fc363cfa51",
      "/Users/jeongyounglee/work/repo/desktop-monster/release/mac-arm64/DesMon.app/Contents/Frameworks/Electron Framework.framework/Versions/A/Resources/vi_NEUTER.lproj/locale.pak": "ca73097bd968b363b7145e86b64f3c595e533808b0763dc8863a27fc363cfa51",
      "/Users/jeongyounglee/work/repo/desktop-monster/release/mac-arm64/DesMon.app/Contents/Frameworks/Electron Framework.framework/Versions/A/Resources/zh_CN.lproj/locale.pak": "caacb015e3c3ce1feb191526d327742f980623bc572749861055f53dbb48ffaa",
      "/Users/jeongyounglee/work/repo/desktop-monster/release/mac-arm64/DesMon.app/Contents/Frameworks/Electron Framework.framework/Versions/A/Resources/zh_CN_FEMININE.lproj/locale.pak": "ca73097bd968b363b7145e86b64f3c595e533808b0763dc8863a27fc363cfa51",
      "/Users/jeongyounglee/work/repo/desktop-monster/release/mac-arm64/DesMon.app/Contents/Frameworks/Electron Framework.framework/Versions/A/Resources/zh_CN_MASCULINE.lproj/locale.pak": "ca73097bd968b363b7145e86b64f3c595e533808b0763dc8863a27fc363cfa51",
      "/Users/jeongyounglee/work/repo/desktop-monster/release/mac-arm64/DesMon.app/Contents/Frameworks/Electron Framework.framework/Versions/A/Resources/zh_CN_NEUTER.lproj/locale.pak": "ca73097bd968b363b7145e86b64f3c595e533808b0763dc8863a27fc363cfa51",
      "/Users/jeongyounglee/work/repo/desktop-monster/release/mac-arm64/DesMon.app/Contents/Frameworks/Electron Framework.framework/Versions/A/Resources/zh_TW.lproj/locale.pak": "6402d7eb0f5928d9da46d9fd72a276c30ea3c8b5c72d7d2b1309a2b547959f5a",
      "/Users/jeongyounglee/work/repo/desktop-monster/release/mac-arm64/DesMon.app/Contents/Frameworks/Electron Framework.framework/Versions/A/Resources/zh_TW_FEMININE.lproj/locale.pak": "ca73097bd968b363b7145e86b64f3c595e533808b0763dc8863a27fc363cfa51",
      "/Users/jeongyounglee/work/repo/desktop-monster/release/mac-arm64/DesMon.app/Contents/Frameworks/Electron Framework.framework/Versions/A/Resources/zh_TW_MASCULINE.lproj/locale.pak": "ca73097bd968b363b7145e86b64f3c595e533808b0763dc8863a27fc363cfa51",
      "/Users/jeongyounglee/work/repo/desktop-monster/release/mac-arm64/DesMon.app/Contents/Frameworks/Electron Framework.framework/Versions/A/Resources/zh_TW_NEUTER.lproj/locale.pak": "ca73097bd968b363b7145e86b64f3c595e533808b0763dc8863a27fc363cfa51",
      "/Users/jeongyounglee/work/repo/desktop-monster/release/mac-arm64/DesMon.app/Contents/Frameworks/Electron Framework.framework/Versions/Current/Electron Framework": "1d60f89ab52e18d54a57fe4739cfdcc44c295c42bc115b86f74aabc1e6dc08c7",
      "/Users/jeongyounglee/work/repo/desktop-monster/release/mac-arm64/DesMon.app/Contents/Frameworks/Electron Framework.framework/Versions/Current/Helpers/chrome_crashpad_handler": "368b8926ba024eec440267d797ed5b4b7b5d81f48eade5226982efa86351d976",
      "/Users/jeongyounglee/work/repo/desktop-monster/release/mac-arm64/DesMon.app/Contents/Frameworks/Electron Framework.framework/Versions/Current/Libraries/libEGL.dylib": "797ef38a89fe3e6b6f98ac7f9d883192e9ea94cbb7c7e0dd8cd5fb31a3040892",
      "/Users/jeongyounglee/work/repo/desktop-monster/release/mac-arm64/DesMon.app/Contents/Frameworks/Electron Framework.framework/Versions/Current/Libraries/libGLESv2.dylib": "01908d41413b017496d5fbfb21b7503302cc0190283a335c67eae09a9266275d",
      "/Users/jeongyounglee/work/repo/desktop-monster/release/mac-arm64/DesMon.app/Contents/Frameworks/Electron Framework.framework/Versions/Current/Libraries/libffmpeg.dylib": "4286cff0266f57aae1b4161d0d933fc8acde79f8f98500f32e52d0d492fd513f",
      "/Users/jeongyounglee/work/repo/desktop-monster/release/mac-arm64/DesMon.app/Contents/Frameworks/Electron Framework.framework/Versions/Current/Libraries/libvk_swiftshader.dylib": "9f6ed47ff70d8d3166801ed475cb079f501a026a2e280677c4d8a62d2ca0b7c8",
      "/Users/jeongyounglee/work/repo/desktop-monster/release/mac-arm64/DesMon.app/Contents/Frameworks/Electron Framework.framework/Versions/Current/Libraries/vk_swiftshader_icd.json": "d717d915e31e7c27948b80b36ab34e2d897888114c5c7d0af835f93eb53e58f5",
      "/Users/jeongyounglee/work/repo/desktop-monster/release/mac-arm64/DesMon.app/Contents/Frameworks/Electron Framework.framework/Versions/Current/Resources/Info.plist": "3db0404c33ccecae88cc9566c0eab44c106845579f31e5cd51e5873f971d7c46",
      "/Users/jeongyounglee/work/repo/desktop-monster/release/mac-arm64/DesMon.app/Contents/Frameworks/Electron Framework.framework/Versions/Current/Resources/MainMenu.nib": "4b2168de2d6d9a09b20faaa23139d5f25f73b2595671de25872d191b6939d819",
      "/Users/jeongyounglee/work/repo/desktop-monster/release/mac-arm64/DesMon.app/Contents/Frameworks/Electron Framework.framework/Versions/Current/Resources/af.lproj/locale.pak": "69adfacdd22c92385592a225e96d4991ef7cb43deab175390b63f4ea344a270c",
      "/Users/jeongyounglee/work/repo/desktop-monster/release/mac-arm64/DesMon.app/Contents/Frameworks/Electron Framework.framework/Versions/Current/Resources/af_FEMININE.lproj/locale.pak": "ca73097bd968b363b7145e86b64f3c595e533808b0763dc8863a27fc363cfa51",
      "/Users/jeongyounglee/work/repo/desktop-monster/release/mac-arm64/DesMon.app/Contents/Frameworks/Electron Framework.framework/Versions/Current/Resources/af_MASCULINE.lproj/locale.pak": "ca73097bd968b363b7145e86b64f3c595e533808b0763dc8863a27fc363cfa51",
      "/Users/jeongyounglee/work/repo/desktop-monster/release/mac-arm64/DesMon.app/Contents/Frameworks/Electron Framework.framework/Versions/Current/Resources/af_NEUTER.lproj/locale.pak": "ca73097bd968b363b7145e86b64f3c595e533808b0763dc8863a27fc363cfa51",
      "/Users/jeongyounglee/work/repo/desktop-monster/release/mac-arm64/DesMon.app/Contents/Frameworks/Electron Framework.framework/Versions/Current/Resources/am.lproj/locale.pak": "96daa068b61cd58ea915ba611f583c599f6f7f941b8107bf02b04df0c56f5f01",
      "/Users/jeongyounglee/work/repo/desktop-monster/release/mac-arm64/DesMon.app/Contents/Frameworks/Electron Framework.framework/Versions/Current/Resources/am_FEMININE.lproj/locale.pak": "ca73097bd968b363b7145e86b64f3c595e533808b0763dc8863a27fc363cfa51",
      "/Users/jeongyounglee/work/repo/desktop-monster/release/mac-arm64/DesMon.app/Contents/Frameworks/Electron Framework.framework/Versions/Current/Resources/am_MASCULINE.lproj/locale.pak": "ca73097bd968b363b7145e86b64f3c595e533808b0763dc8863a27fc363cfa51",
      "/Users/jeongyounglee/work/repo/desktop-monster/release/mac-arm64/DesMon.app/Contents/Frameworks/Electron Framework.framework/Versions/Current/Resources/am_NEUTER.lproj/locale.pak": "ca73097bd968b363b7145e86b64f3c595e533808b0763dc8863a27fc363cfa51",
      "/Users/jeongyounglee/work/repo/desktop-monster/release/mac-arm64/DesMon.app/Contents/Frameworks/Electron Framework.framework/Versions/Current/Resources/ar.lproj/locale.pak": "78d4d2b4ad523119eacecd25b8df8fbdcbd0455dbf1a11ee87edce1a3b792219",
      "/Users/jeongyounglee/work/repo/desktop-monster/release/mac-arm64/DesMon.app/Contents/Frameworks/Electron Framework.framework/Versions/Current/Resources/ar_FEMININE.lproj/locale.pak": "ca73097bd968b363b7145e86b64f3c595e533808b0763dc8863a27fc363cfa51",
      "/Users/jeongyounglee/work/repo/desktop-monster/release/mac-arm64/DesMon.app/Contents/Frameworks/Electron Framework.framework/Versions/Current/Resources/ar_MASCULINE.lproj/locale.pak": "ca73097bd968b363b7145e86b64f3c595e533808b0763dc8863a27fc363cfa51",
      "/Users/jeongyounglee/work/repo/desktop-monster/release/mac-arm64/DesMon.app/Contents/Frameworks/Electron Framework.framework/Versions/Current/Resources/ar_NEUTER.lproj/locale.pak": "ca73097bd968b363b7145e86b64f3c595e533808b0763dc8863a27fc363cfa51",
      "/Users/jeongyounglee/work/repo/desktop-monster/release/mac-arm64/DesMon.app/Contents/Frameworks/Electron Framework.framework/Versions/Current/Resources/bg.lproj/locale.pak": "09e3a84a059d4790aa05926ea8466b53cf155a9d401a94bb83a7a4a9d368ec9a",
      "/Users/jeongyounglee/work/repo/desktop-monster/release/mac-arm64/DesMon.app/Contents/Frameworks/Electron Framework.framework/Versions/Current/Resources/bg_FEMININE.lproj/locale.pak": "ca73097bd968b363b7145e86b64f3c595e533808b0763dc8863a27fc363cfa51",
      "/Users/jeongyounglee/work/repo/desktop-monster/release/mac-arm64/DesMon.app/Contents/Frameworks/Electron Framework.framework/Versions/Current/Resources/bg_MASCULINE.lproj/locale.pak": "ca73097bd968b363b7145e86b64f3c595e533808b0763dc8863a27fc363cfa51",
      "/Users/jeongyounglee/work/repo/desktop-monster/release/mac-arm64/DesMon.app/Contents/Frameworks/Electron Framework.framework/Versions/Current/Resources/bg_NEUTER.lproj/locale.pak": "ca73097bd968b363b7145e86b64f3c595e533808b0763dc8863a27fc363cfa51",
      "/Users/jeongyounglee/work/repo/desktop-monster/release/mac-arm64/DesMon.app/Contents/Frameworks/Electron Framework.framework/Versions/Current/Resources/bn.lproj/locale.pak": "40d0bdc3d09f830135a4b3ada6bb515a3f8c281cd90afd3056bec6ea553a9e57",
      "/Users/jeongyounglee/work/repo/desktop-monster/release/mac-arm64/DesMon.app/Contents/Frameworks/Electron Framework.framework/Versions/Current/Resources/bn_FEMININE.lproj/locale.pak": "ca73097bd968b363b7145e86b64f3c595e533808b0763dc8863a27fc363cfa51",
      "/Users/jeongyounglee/work/repo/desktop-monster/release/mac-arm64/DesMon.app/Contents/Frameworks/Electron Framework.framework/Versions/Current/Resources/bn_MASCULINE.lproj/locale.pak": "ca73097bd968b363b7145e86b64f3c595e533808b0763dc8863a27fc363cfa51",
      "/Users/jeongyounglee/work/repo/desktop-monster/release/mac-arm64/DesMon.app/Contents/Frameworks/Electron Framework.framework/Versions/Current/Resources/bn_NEUTER.lproj/locale.pak": "ca73097bd968b363b7145e86b64f3c595e533808b0763dc8863a27fc363cfa51",
      "/Users/jeongyounglee/work/repo/desktop-monster/release/mac-arm64/DesMon.app/Contents/Frameworks/Electron Framework.framework/Versions/Current/Resources/ca.lproj/locale.pak": "2562b797c571abb39d72b9da4b9ea8ce7d2355571926442d596d474ce205f27d",
      "/Users/jeongyounglee/work/repo/desktop-monster/release/mac-arm64/DesMon.app/Contents/Frameworks/Electron Framework.framework/Versions/Current/Resources/ca_FEMININE.lproj/locale.pak": "ca73097bd968b363b7145e86b64f3c595e533808b0763dc8863a27fc363cfa51",
      "/Users/jeongyounglee/work/repo/desktop-monster/release/mac-arm64/DesMon.app/Contents/Frameworks/Electron Framework.framework/Versions/Current/Resources/ca_MASCULINE.lproj/locale.pak": "ca73097bd968b363b7145e86b64f3c595e533808b0763dc8863a27fc363cfa51",
      "/Users/jeongyounglee/work/repo/desktop-monster/release/mac-arm64/DesMon.app/Contents/Frameworks/Electron Framework.framework/Versions/Current/Resources/ca_NEUTER.lproj/locale.pak": "ca73097bd968b363b7145e86b64f3c595e533808b0763dc8863a27fc363cfa51",
      "/Users/jeongyounglee/work/repo/desktop-monster/release/mac-arm64/DesMon.app/Contents/Frameworks/Electron Framework.framework/Versions/Current/Resources/chrome_100_percent.pak": "b6cc9e51a1fc03eeabbc612c89e49b13eec556d1c4cceef1b42e2d4135246c8e",
      "/Users/jeongyounglee/work/repo/desktop-monster/release/mac-arm64/DesMon.app/Contents/Frameworks/Electron Framework.framework/Versions/Current/Resources/chrome_200_percent.pak": "4f08569a2f8accb033bd0093627eff5ee2e0c159e6e4fa4a3d0b88d1d2e3ee12",
      "/Users/jeongyounglee/work/repo/desktop-monster/release/mac-arm64/DesMon.app/Contents/Frameworks/Electron Framework.framework/Versions/Current/Resources/cs.lproj/locale.pak": "377ee3c7a081be483e65a0bc5778ce6afc9ae19079eed3530f5924d9ab4fa9f6",
      "/Users/jeongyounglee/work/repo/desktop-monster/release/mac-arm64/DesMon.app/Contents/Frameworks/Electron Framework.framework/Versions/Current/Resources/cs_FEMININE.lproj/locale.pak": "ca73097bd968b363b7145e86b64f3c595e533808b0763dc8863a27fc363cfa51",
      "/Users/jeongyounglee/work/repo/desktop-monster/release/mac-arm64/DesMon.app/Contents/Frameworks/Electron Framework.framework/Versions/Current/Resources/cs_MASCULINE.lproj/locale.pak": "ca73097bd968b363b7145e86b64f3c595e533808b0763dc8863a27fc363cfa51",
      "/Users/jeongyounglee/work/repo/desktop-monster/release/mac-arm64/DesMon.app/Contents/Frameworks/Electron Framework.framework/Versions/Current/Resources/cs_NEUTER.lproj/locale.pak": "ca73097bd968b363b7145e86b64f3c595e533808b0763dc8863a27fc363cfa51",
      "/Users/jeongyounglee/work/repo/desktop-monster/release/mac-arm64/DesMon.app/Contents/Frameworks/Electron Framework.framework/Versions/Current/Resources/da.lproj/locale.pak": "2b4bc11ebc05bbf22570410b4ee3562770c239d29fa23eda9dc4d9edbd65f905",
      "/Users/jeongyounglee/work/repo/desktop-monster/release/mac-arm64/DesMon.app/Contents/Frameworks/Electron Framework.framework/Versions/Current/Resources/da_FEMININE.lproj/locale.pak": "ca73097bd968b363b7145e86b64f3c595e533808b0763dc8863a27fc363cfa51",
      "/Users/jeongyounglee/work/repo/desktop-monster/release/mac-arm64/DesMon.app/Contents/Frameworks/Electron Framework.framework/Versions/Current/Resources/da_MASCULINE.lproj/locale.pak": "ca73097bd968b363b7145e86b64f3c595e533808b0763dc8863a27fc363cfa51",
      "/Users/jeongyounglee/work/repo/desktop-monster/release/mac-arm64/DesMon.app/Contents/Frameworks/Electron Framework.framework/Versions/Current/Resources/da_NEUTER.lproj/locale.pak": "ca73097bd968b363b7145e86b64f3c595e533808b0763dc8863a27fc363cfa51",
      "/Users/jeongyounglee/work/repo/desktop-monster/release/mac-arm64/DesMon.app/Contents/Frameworks/Electron Framework.framework/Versions/Current/Resources/de.lproj/locale.pak": "bb70a5fbaef52c454b2868a8e967f80ebc837b52308dca3db3cce8c3fb9d5c21",
      "/Users/jeongyounglee/work/repo/desktop-monster/release/mac-arm64/DesMon.app/Contents/Frameworks/Electron Framework.framework/Versions/Current/Resources/de_FEMININE.lproj/locale.pak": "ca73097bd968b363b7145e86b64f3c595e533808b0763dc8863a27fc363cfa51",
      "/Users/jeongyounglee/work/repo/desktop-monster/release/mac-arm64/DesMon.app/Contents/Frameworks/Electron Framework.framework/Versions/Current/Resources/de_MASCULINE.lproj/locale.pak": "ca73097bd968b363b7145e86b64f3c595e533808b0763dc8863a27fc363cfa51",
      "/Users/jeongyounglee/work/repo/desktop-monster/release/mac-arm64/DesMon.app/Contents/Frameworks/Electron Framework.framework/Versions/Current/Resources/de_NEUTER.lproj/locale.pak": "ca73097bd968b363b7145e86b64f3c595e533808b0763dc8863a27fc363cfa51",
      "/Users/jeongyounglee/work/repo/desktop-monster/release/mac-arm64/DesMon.app/Contents/Frameworks/Electron Framework.framework/Versions/Current/Resources/el.lproj/locale.pak": "acf05550d098533724e222201ff0400c935164ba689d53f33da5aaa15c4c4eba",
      "/Users/jeongyounglee/work/repo/desktop-monster/release/mac-arm64/DesMon.app/Contents/Frameworks/Electron Framework.framework/Versions/Current/Resources/el_FEMININE.lproj/locale.pak": "ca73097bd968b363b7145e86b64f3c595e533808b0763dc8863a27fc363cfa51",
      "/Users/jeongyounglee/work/repo/desktop-monster/release/mac-arm64/DesMon.app/Contents/Frameworks/Electron Framework.framework/Versions/Current/Resources/el_MASCULINE.lproj/locale.pak": "ca73097bd968b363b7145e86b64f3c595e533808b0763dc8863a27fc363cfa51",
      "/Users/jeongyounglee/work/repo/desktop-monster/release/mac-arm64/DesMon.app/Contents/Frameworks/Electron Framework.framework/Versions/Current/Resources/el_NEUTER.lproj/locale.pak": "ca73097bd968b363b7145e86b64f3c595e533808b0763dc8863a27fc363cfa51",
      "/Users/jeongyounglee/work/repo/desktop-monster/release/mac-arm64/DesMon.app/Contents/Frameworks/Electron Framework.framework/Versions/Current/Resources/en.lproj/locale.pak": "6764999ff76f4b81ce6f67d769c6a93747edd7086fd145924463226ad3932409",
      "/Users/jeongyounglee/work/repo/desktop-monster/release/mac-arm64/DesMon.app/Contents/Frameworks/Electron Framework.framework/Versions/Current/Resources/en_FEMININE.lproj/locale.pak": "ca73097bd968b363b7145e86b64f3c595e533808b0763dc8863a27fc363cfa51",
      "/Users/jeongyounglee/work/repo/desktop-monster/release/mac-arm64/DesMon.app/Contents/Frameworks/Electron Framework.framework/Versions/Current/Resources/en_GB.lproj/locale.pak": "f7b0625b3c35947990f7e876e33691625cde678e2cb98ec892561ce45180a8c0",
      "/Users/jeongyounglee/work/repo/desktop-monster/release/mac-arm64/DesMon.app/Contents/Frameworks/Electron Framework.framework/Versions/Current/Resources/en_GB_FEMININE.lproj/locale.pak": "ca73097bd968b363b7145e86b64f3c595e533808b0763dc8863a27fc363cfa51",
      "/Users/jeongyounglee/work/repo/desktop-monster/release/mac-arm64/DesMon.app/Contents/Frameworks/Electron Framework.framework/Versions/Current/Resources/en_GB_MASCULINE.lproj/locale.pak": "ca73097bd968b363b7145e86b64f3c595e533808b0763dc8863a27fc363cfa51",
      "/Users/jeongyounglee/work/repo/desktop-monster/release/mac-arm64/DesMon.app/Contents/Frameworks/Electron Framework.framework/Versions/Current/Resources/en_GB_NEUTER.lproj/locale.pak": "ca73097bd968b363b7145e86b64f3c595e533808b0763dc8863a27fc363cfa51",
      "/Users/jeongyounglee/work/repo/desktop-monster/release/mac-arm64/DesMon.app/Contents/Frameworks/Electron Framework.framework/Versions/Current/Resources/en_MASCULINE.lproj/locale.pak": "ca73097bd968b363b7145e86b64f3c595e533808b0763dc8863a27fc363cfa51",
      "/Users/jeongyounglee/work/repo/desktop-monster/release/mac-arm64/DesMon.app/Contents/Frameworks/Electron Framework.framework/Versions/Current/Resources/en_NEUTER.lproj/locale.pak": "ca73097bd968b363b7145e86b64f3c595e533808b0763dc8863a27fc363cfa51",
      "/Users/jeongyounglee/work/repo/desktop-monster/release/mac-arm64/DesMon.app/Contents/Frameworks/Electron Framework.framework/Versions/Current/Resources/es.lproj/locale.pak": "97cb1cf266ffa62f85a7145b43ce0462a7d07d162e3ab23b30aa7d07741bbfe1",
      "/Users/jeongyounglee/work/repo/desktop-monster/release/mac-arm64/DesMon.app/Contents/Frameworks/Electron Framework.framework/Versions/Current/Resources/es_419.lproj/locale.pak": "52abea1ab14100de8616cb055988eef106828d1169f616c44dc72d941618fce2",
      "/Users/jeongyounglee/work/repo/desktop-monster/release/mac-arm64/DesMon.app/Contents/Frameworks/Electron Framework.framework/Versions/Current/Resources/es_419_FEMININE.lproj/locale.pak": "ca73097bd968b363b7145e86b64f3c595e533808b0763dc8863a27fc363cfa51",
      "/Users/jeongyounglee/work/repo/desktop-monster/release/mac-arm64/DesMon.app/Contents/Frameworks/Electron Framework.framework/Versions/Current/Resources/es_419_MASCULINE.lproj/locale.pak": "ca73097bd968b363b7145e86b64f3c595e533808b0763dc8863a27fc363cfa51",
      "/Users/jeongyounglee/work/repo/desktop-monster/release/mac-arm64/DesMon.app/Contents/Frameworks/Electron Framework.framework/Versions/Current/Resources/es_419_NEUTER.lproj/locale.pak": "ca73097bd968b363b7145e86b64f3c595e533808b0763dc8863a27fc363cfa51",
      "/Users/jeongyounglee/work/repo/desktop-monster/release/mac-arm64/DesMon.app/Contents/Frameworks/Electron Framework.framework/Versions/Current/Resources/es_FEMININE.lproj/locale.pak": "ca73097bd968b363b7145e86b64f3c595e533808b0763dc8863a27fc363cfa51",
      "/Users/jeongyounglee/work/repo/desktop-monster/release/mac-arm64/DesMon.app/Contents/Frameworks/Electron Framework.framework/Versions/Current/Resources/es_MASCULINE.lproj/locale.pak": "ca73097bd968b363b7145e86b64f3c595e533808b0763dc8863a27fc363cfa51",
      "/Users/jeongyounglee/work/repo/desktop-monster/release/mac-arm64/DesMon.app/Contents/Frameworks/Electron Framework.framework/Versions/Current/Resources/es_NEUTER.lproj/locale.pak": "ca73097bd968b363b7145e86b64f3c595e533808b0763dc8863a27fc363cfa51",
      "/Users/jeongyounglee/work/repo/desktop-monster/release/mac-arm64/DesMon.app/Contents/Frameworks/Electron Framework.framework/Versions/Current/Resources/et.lproj/locale.pak": "034397c10adf45d02cf4e72dfe023444bc38d28a0fb733793b4da4e6101a1149",
      "/Users/jeongyounglee/work/repo/desktop-monster/release/mac-arm64/DesMon.app/Contents/Frameworks/Electron Framework.framework/Versions/Current/Resources/et_FEMININE.lproj/locale.pak": "ca73097bd968b363b7145e86b64f3c595e533808b0763dc8863a27fc363cfa51",
      "/Users/jeongyounglee/work/repo/desktop-monster/release/mac-arm64/DesMon.app/Contents/Frameworks/Electron Framework.framework/Versions/Current/Resources/et_MASCULINE.lproj/locale.pak": "ca73097bd968b363b7145e86b64f3c595e533808b0763dc8863a27fc363cfa51",
      "/Users/jeongyounglee/work/repo/desktop-monster/release/mac-arm64/DesMon.app/Contents/Frameworks/Electron Framework.framework/Versions/Current/Resources/et_NEUTER.lproj/locale.pak": "ca73097bd968b363b7145e86b64f3c595e533808b0763dc8863a27fc363cfa51",
      "/Users/jeongyounglee/work/repo/desktop-monster/release/mac-arm64/DesMon.app/Contents/Frameworks/Electron Framework.framework/Versions/Current/Resources/fa.lproj/locale.pak": "4186e0efd77dee48575f3bab47ee57069e0fded0cc6c74095e561220b9d5d63a",
      "/Users/jeongyounglee/work/repo/desktop-monster/release/mac-arm64/DesMon.app/Contents/Frameworks/Electron Framework.framework/Versions/Current/Resources/fa_FEMININE.lproj/locale.pak": "ca73097bd968b363b7145e86b64f3c595e533808b0763dc8863a27fc363cfa51",
      "/Users/jeongyounglee/work/repo/desktop-monster/release/mac-arm64/DesMon.app/Contents/Frameworks/Electron Framework.framework/Versions/Current/Resources/fa_MASCULINE.lproj/locale.pak": "ca73097bd968b363b7145e86b64f3c595e533808b0763dc8863a27fc363cfa51",
      "/Users/jeongyounglee/work/repo/desktop-monster/release/mac-arm64/DesMon.app/Contents/Frameworks/Electron Framework.framework/Versions/Current/Resources/fa_NEUTER.lproj/locale.pak": "ca73097bd968b363b7145e86b64f3c595e533808b0763dc8863a27fc363cfa51",
      "/Users/jeongyounglee/work/repo/desktop-monster/release/mac-arm64/DesMon.app/Contents/Frameworks/Electron Framework.framework/Versions/Current/Resources/fi.lproj/locale.pak": "7806cb8a64e1dd9092dce61799b1ace8573c98820af92b1045473b26835b7fb1",
      "/Users/jeongyounglee/work/repo/desktop-monster/release/mac-arm64/DesMon.app/Contents/Frameworks/Electron Framework.framework/Versions/Current/Resources/fi_FEMININE.lproj/locale.pak": "ca73097bd968b363b7145e86b64f3c595e533808b0763dc8863a27fc363cfa51",
      "/Users/jeongyounglee/work/repo/desktop-monster/release/mac-arm64/DesMon.app/Contents/Frameworks/Electron Framework.framework/Versions/Current/Resources/fi_MASCULINE.lproj/locale.pak": "ca73097bd968b363b7145e86b64f3c595e533808b0763dc8863a27fc363cfa51",
      "/Users/jeongyounglee/work/repo/desktop-monster/release/mac-arm64/DesMon.app/Contents/Frameworks/Electron Framework.framework/Versions/Current/Resources/fi_NEUTER.lproj/locale.pak": "ca73097bd968b363b7145e86b64f3c595e533808b0763dc8863a27fc363cfa51",
      "/Users/jeongyounglee/work/repo/desktop-monster/release/mac-arm64/DesMon.app/Contents/Frameworks/Electron Framework.framework/Versions/Current/Resources/fil.lproj/locale.pak": "c4ec8537ff864fa9fbd0ce6b57bb60d0c5d9e2c33b37c62164cfe8eecfb460d0",
      "/Users/jeongyounglee/work/repo/desktop-monster/release/mac-arm64/DesMon.app/Contents/Frameworks/Electron Framework.framework/Versions/Current/Resources/fil_FEMININE.lproj/locale.pak": "ca73097bd968b363b7145e86b64f3c595e533808b0763dc8863a27fc363cfa51",
      "/Users/jeongyounglee/work/repo/desktop-monster/release/mac-arm64/DesMon.app/Contents/Frameworks/Electron Framework.framework/Versions/Current/Resources/fil_MASCULINE.lproj/locale.pak": "ca73097bd968b363b7145e86b64f3c595e533808b0763dc8863a27fc363cfa51",
      "/Users/jeongyounglee/work/repo/desktop-monster/release/mac-arm64/DesMon.app/Contents/Frameworks/Electron Framework.framework/Versions/Current/Resources/fil_NEUTER.lproj/locale.pak": "ca73097bd968b363b7145e86b64f3c595e533808b0763dc8863a27fc363cfa51",
      "/Users/jeongyounglee/work/repo/desktop-monster/release/mac-arm64/DesMon.app/Contents/Frameworks/Electron Framework.framework/Versions/Current/Resources/fr.lproj/locale.pak": "7e06a5e4219d8382e0ba5cba30c0c5dbf4131c70f5a55c326c89b0b5fa8c6dce",
      "/Users/jeongyounglee/work/repo/desktop-monster/release/mac-arm64/DesMon.app/Contents/Frameworks/Electron Framework.framework/Versions/Current/Resources/fr_FEMININE.lproj/locale.pak": "ca73097bd968b363b7145e86b64f3c595e533808b0763dc8863a27fc363cfa51",
      "/Users/jeongyounglee/work/repo/desktop-monster/release/mac-arm64/DesMon.app/Contents/Frameworks/Electron Framework.framework/Versions/Current/Resources/fr_MASCULINE.lproj/locale.pak": "ca73097bd968b363b7145e86b64f3c595e533808b0763dc8863a27fc363cfa51",
      "/Users/jeongyounglee/work/repo/desktop-monster/release/mac-arm64/DesMon.app/Contents/Frameworks/Electron Framework.framework/Versions/Current/Resources/fr_NEUTER.lproj/locale.pak": "ca73097bd968b363b7145e86b64f3c595e533808b0763dc8863a27fc363cfa51",
      "/Users/jeongyounglee/work/repo/desktop-monster/release/mac-arm64/DesMon.app/Contents/Frameworks/Electron Framework.framework/Versions/Current/Resources/gu.lproj/locale.pak": "ee5143c095226f0fb0c224e923c0fc235fcea8ba4bef1e568240ba783476dcf6",
      "/Users/jeongyounglee/work/repo/desktop-monster/release/mac-arm64/DesMon.app/Contents/Frameworks/Electron Framework.framework/Versions/Current/Resources/gu_FEMININE.lproj/locale.pak": "ca73097bd968b363b7145e86b64f3c595e533808b0763dc8863a27fc363cfa51",
      "/Users/jeongyounglee/work/repo/desktop-monster/release/mac-arm64/DesMon.app/Contents/Frameworks/Electron Framework.framework/Versions/Current/Resources/gu_MASCULINE.lproj/locale.pak": "ca73097bd968b363b7145e86b64f3c595e533808b0763dc8863a27fc363cfa51",
      "/Users/jeongyounglee/work/repo/desktop-monster/release/mac-arm64/DesMon.app/Contents/Frameworks/Electron Framework.framework/Versions/Current/Resources/gu_NEUTER.lproj/locale.pak": "ca73097bd968b363b7145e86b64f3c595e533808b0763dc8863a27fc363cfa51",
      "/Users/jeongyounglee/work/repo/desktop-monster/release/mac-arm64/DesMon.app/Contents/Frameworks/Electron Framework.framework/Versions/Current/Resources/he.lproj/locale.pak": "aa0baeb6379d1fa3389b553e232882ca4477a4ab17d1d6186c4139ee86e4534b",
      "/Users/jeongyounglee/work/repo/desktop-monster/release/mac-arm64/DesMon.app/Contents/Frameworks/Electron Framework.framework/Versions/Current/Resources/he_FEMININE.lproj/locale.pak": "ca73097bd968b363b7145e86b64f3c595e533808b0763dc8863a27fc363cfa51",
      "/Users/jeongyounglee/work/repo/desktop-monster/release/mac-arm64/DesMon.app/Contents/Frameworks/Electron Framework.framework/Versions/Current/Resources/he_MASCULINE.lproj/locale.pak": "ca73097bd968b363b7145e86b64f3c595e533808b0763dc8863a27fc363cfa51",
      "/Users/jeongyounglee/work/repo/desktop-monster/release/mac-arm64/DesMon.app/Contents/Frameworks/Electron Framework.framework/Versions/Current/Resources/he_NEUTER.lproj/locale.pak": "ca73097bd968b363b7145e86b64f3c595e533808b0763dc8863a27fc363cfa51",
      "/Users/jeongyounglee/work/repo/desktop-monster/release/mac-arm64/DesMon.app/Contents/Frameworks/Electron Framework.framework/Versions/Current/Resources/hi.lproj/locale.pak": "74e786988eaf37031fe172e007d0dc9d68ec5bdf48b95c54b778048c084f810b",
      "/Users/jeongyounglee/work/repo/desktop-monster/release/mac-arm64/DesMon.app/Contents/Frameworks/Electron Framework.framework/Versions/Current/Resources/hi_FEMININE.lproj/locale.pak": "ca73097bd968b363b7145e86b64f3c595e533808b0763dc8863a27fc363cfa51",
      "/Users/jeongyounglee/work/repo/desktop-monster/release/mac-arm64/DesMon.app/Contents/Frameworks/Electron Framework.framework/Versions/Current/Resources/hi_MASCULINE.lproj/locale.pak": "ca73097bd968b363b7145e86b64f3c595e533808b0763dc8863a27fc363cfa51",
      "/Users/jeongyounglee/work/repo/desktop-monster/release/mac-arm64/DesMon.app/Contents/Frameworks/Electron Framework.framework/Versions/Current/Resources/hi_NEUTER.lproj/locale.pak": "ca73097bd968b363b7145e86b64f3c595e533808b0763dc8863a27fc363cfa51",
      "/Users/jeongyounglee/work/repo/desktop-monster/release/mac-arm64/DesMon.app/Contents/Frameworks/Electron Framework.framework/Versions/Current/Resources/hr.lproj/locale.pak": "6576fbd5a36bdc9e73fb7d60669b22f3f122557f8b2543e4e43e85ee78854ac5",
      "/Users/jeongyounglee/work/repo/desktop-monster/release/mac-arm64/DesMon.app/Contents/Frameworks/Electron Framework.framework/Versions/Current/Resources/hr_FEMININE.lproj/locale.pak": "ca73097bd968b363b7145e86b64f3c595e533808b0763dc8863a27fc363cfa51",
      "/Users/jeongyounglee/work/repo/desktop-monster/release/mac-arm64/DesMon.app/Contents/Frameworks/Electron Framework.framework/Versions/Current/Resources/hr_MASCULINE.lproj/locale.pak": "ca73097bd968b363b7145e86b64f3c595e533808b0763dc8863a27fc363cfa51",
      "/Users/jeongyounglee/work/repo/desktop-monster/release/mac-arm64/DesMon.app/Contents/Frameworks/Electron Framework.framework/Versions/Current/Resources/hr_NEUTER.lproj/locale.pak": "ca73097bd968b363b7145e86b64f3c595e533808b0763dc8863a27fc363cfa51",
      "/Users/jeongyounglee/work/repo/desktop-monster/release/mac-arm64/DesMon.app/Contents/Frameworks/Electron Framework.framework/Versions/Current/Resources/hu.lproj/locale.pak": "e00f2fb0984d1a591a56ec80ac4d7b913616fccda242d6c385da49657f3596d4",
      "/Users/jeongyounglee/work/repo/desktop-monster/release/mac-arm64/DesMon.app/Contents/Frameworks/Electron Framework.framework/Versions/Current/Resources/hu_FEMININE.lproj/locale.pak": "ca73097bd968b363b7145e86b64f3c595e533808b0763dc8863a27fc363cfa51",
      "/Users/jeongyounglee/work/repo/desktop-monster/release/mac-arm64/DesMon.app/Contents/Frameworks/Electron Framework.framework/Versions/Current/Resources/hu_MASCULINE.lproj/locale.pak": "ca73097bd968b363b7145e86b64f3c595e533808b0763dc8863a27fc363cfa51",
      "/Users/jeongyounglee/work/repo/desktop-monster/release/mac-arm64/DesMon.app/Contents/Frameworks/Electron Framework.framework/Versions/Current/Resources/hu_NEUTER.lproj/locale.pak": "ca73097bd968b363b7145e86b64f3c595e533808b0763dc8863a27fc363cfa51",
      "/Users/jeongyounglee/work/repo/desktop-monster/release/mac-arm64/DesMon.app/Contents/Frameworks/Electron Framework.framework/Versions/Current/Resources/icudtl.dat": "5070de99fbd8a48378543511fb7a072f85bf36f94b4f4e1d420d54be1435d6f1",
      "/Users/jeongyounglee/work/repo/desktop-monster/release/mac-arm64/DesMon.app/Contents/Frameworks/Electron Framework.framework/Versions/Current/Resources/id.lproj/locale.pak": "cee298b9fe432afd6f84e61f03d4b166cce15b8fb10a70c94305268d9660d432",
      "/Users/jeongyounglee/work/repo/desktop-monster/release/mac-arm64/DesMon.app/Contents/Frameworks/Electron Framework.framework/Versions/Current/Resources/id_FEMININE.lproj/locale.pak": "ca73097bd968b363b7145e86b64f3c595e533808b0763dc8863a27fc363cfa51",
      "/Users/jeongyounglee/work/repo/desktop-monster/release/mac-arm64/DesMon.app/Contents/Frameworks/Electron Framework.framework/Versions/Current/Resources/id_MASCULINE.lproj/locale.pak": "ca73097bd968b363b7145e86b64f3c595e533808b0763dc8863a27fc363cfa51",
      "/Users/jeongyounglee/work/repo/desktop-monster/release/mac-arm64/DesMon.app/Contents/Frameworks/Electron Framework.framework/Versions/Current/Resources/id_NEUTER.lproj/locale.pak": "ca73097bd968b363b7145e86b64f3c595e533808b0763dc8863a27fc363cfa51",
      "/Users/jeongyounglee/work/repo/desktop-monster/release/mac-arm64/DesMon.app/Contents/Frameworks/Electron Framework.framework/Versions/Current/Resources/it.lproj/locale.pak": "e38fca443c3b19189da4c22842ff5cccd70336bfc387385f7e7c619c04268d14",
      "/Users/jeongyounglee/work/repo/desktop-monster/release/mac-arm64/DesMon.app/Contents/Frameworks/Electron Framework.framework/Versions/Current/Resources/it_FEMININE.lproj/locale.pak": "ca73097bd968b363b7145e86b64f3c595e533808b0763dc8863a27fc363cfa51",
      "/Users/jeongyounglee/work/repo/desktop-monster/release/mac-arm64/DesMon.app/Contents/Frameworks/Electron Framework.framework/Versions/Current/Resources/it_MASCULINE.lproj/locale.pak": "ca73097bd968b363b7145e86b64f3c595e533808b0763dc8863a27fc363cfa51",
      "/Users/jeongyounglee/work/repo/desktop-monster/release/mac-arm64/DesMon.app/Contents/Frameworks/Electron Framework.framework/Versions/Current/Resources/it_NEUTER.lproj/locale.pak": "ca73097bd968b363b7145e86b64f3c595e533808b0763dc8863a27fc363cfa51",
      "/Users/jeongyounglee/work/repo/desktop-monster/release/mac-arm64/DesMon.app/Contents/Frameworks/Electron Framework.framework/Versions/Current/Resources/ja.lproj/locale.pak": "b7a6972fdadf177b5e359102a124167ee0df927c941215235a1dc7055f14a78d",
      "/Users/jeongyounglee/work/repo/desktop-monster/release/mac-arm64/DesMon.app/Contents/Frameworks/Electron Framework.framework/Versions/Current/Resources/ja_FEMININE.lproj/locale.pak": "ca73097bd968b363b7145e86b64f3c595e533808b0763dc8863a27fc363cfa51",
      "/Users/jeongyounglee/work/repo/desktop-monster/release/mac-arm64/DesMon.app/Contents/Frameworks/Electron Framework.framework/Versions/Current/Resources/ja_MASCULINE.lproj/locale.pak": "ca73097bd968b363b7145e86b64f3c595e533808b0763dc8863a27fc363cfa51",
      "/Users/jeongyounglee/work/repo/desktop-monster/release/mac-arm64/DesMon.app/Contents/Frameworks/Electron Framework.framework/Versions/Current/Resources/ja_NEUTER.lproj/locale.pak": "ca73097bd968b363b7145e86b64f3c595e533808b0763dc8863a27fc363cfa51",
      "/Users/jeongyounglee/work/repo/desktop-monster/release/mac-arm64/DesMon.app/Contents/Frameworks/Electron Framework.framework/Versions/Current/Resources/kn.lproj/locale.pak": "7ca07e6a83be51a71ae69b946e7105ec5630a14466d2022724eedcdfd77f4c0d",
      "/Users/jeongyounglee/work/repo/desktop-monster/release/mac-arm64/DesMon.app/Contents/Frameworks/Electron Framework.framework/Versions/Current/Resources/kn_FEMININE.lproj/locale.pak": "ca73097bd968b363b7145e86b64f3c595e533808b0763dc8863a27fc363cfa51",
      "/Users/jeongyounglee/work/repo/desktop-monster/release/mac-arm64/DesMon.app/Contents/Frameworks/Electron Framework.framework/Versions/Current/Resources/kn_MASCULINE.lproj/locale.pak": "ca73097bd968b363b7145e86b64f3c595e533808b0763dc8863a27fc363cfa51",
      "/Users/jeongyounglee/work/repo/desktop-monster/release/mac-arm64/DesMon.app/Contents/Frameworks/Electron Framework.framework/Versions/Current/Resources/kn_NEUTER.lproj/locale.pak": "ca73097bd968b363b7145e86b64f3c595e533808b0763dc8863a27fc363cfa51",
      "/Users/jeongyounglee/work/repo/desktop-monster/release/mac-arm64/DesMon.app/Contents/Frameworks/Electron Framework.framework/Versions/Current/Resources/ko.lproj/locale.pak": "099333a75c8b2274a14bf6ab0ab0b4d8f27a0c7fa1aeebbb8a82c46d62ca70b3",
      "/Users/jeongyounglee/work/repo/desktop-monster/release/mac-arm64/DesMon.app/Contents/Frameworks/Electron Framework.framework/Versions/Current/Resources/ko_FEMININE.lproj/locale.pak": "ca73097bd968b363b7145e86b64f3c595e533808b0763dc8863a27fc363cfa51",
      "/Users/jeongyounglee/work/repo/desktop-monster/release/mac-arm64/DesMon.app/Contents/Frameworks/Electron Framework.framework/Versions/Current/Resources/ko_MASCULINE.lproj/locale.pak": "ca73097bd968b363b7145e86b64f3c595e533808b0763dc8863a27fc363cfa51",
      "/Users/jeongyounglee/work/repo/desktop-monster/release/mac-arm64/DesMon.app/Contents/Frameworks/Electron Framework.framework/Versions/Current/Resources/ko_NEUTER.lproj/locale.pak": "ca73097bd968b363b7145e86b64f3c595e533808b0763dc8863a27fc363cfa51",
      "/Users/jeongyounglee/work/repo/desktop-monster/release/mac-arm64/DesMon.app/Contents/Frameworks/Electron Framework.framework/Versions/Current/Resources/lt.lproj/locale.pak": "dd0314b4dee776ab928defc127b7e344ac5cac4b5380c4bf308f32c4c4cc2c4d",
      "/Users/jeongyounglee/work/repo/desktop-monster/release/mac-arm64/DesMon.app/Contents/Frameworks/Electron Framework.framework/Versions/Current/Resources/lt_FEMININE.lproj/locale.pak": "ca73097bd968b363b7145e86b64f3c595e533808b0763dc8863a27fc363cfa51",
      "/Users/jeongyounglee/work/repo/desktop-monster/release/mac-arm64/DesMon.app/Contents/Frameworks/Electron Framework.framework/Versions/Current/Resources/lt_MASCULINE.lproj/locale.pak": "ca73097bd968b363b7145e86b64f3c595e533808b0763dc8863a27fc363cfa51",
      "/Users/jeongyounglee/work/repo/desktop-monster/release/mac-arm64/DesMon.app/Contents/Frameworks/Electron Framework.framework/Versions/Current/Resources/lt_NEUTER.lproj/locale.pak": "ca73097bd968b363b7145e86b64f3c595e533808b0763dc8863a27fc363cfa51",
      "/Users/jeongyounglee/work/repo/desktop-monster/release/mac-arm64/DesMon.app/Contents/Frameworks/Electron Framework.framework/Versions/Current/Resources/lv.lproj/locale.pak": "6bb0897895b5b74dd5c68c1cb0f50f765cf5b30a92e9d74aee9acdfcf408baba",
      "/Users/jeongyounglee/work/repo/desktop-monster/release/mac-arm64/DesMon.app/Contents/Frameworks/Electron Framework.framework/Versions/Current/Resources/lv_FEMININE.lproj/locale.pak": "ca73097bd968b363b7145e86b64f3c595e533808b0763dc8863a27fc363cfa51",
      "/Users/jeongyounglee/work/repo/desktop-monster/release/mac-arm64/DesMon.app/Contents/Frameworks/Electron Framework.framework/Versions/Current/Resources/lv_MASCULINE.lproj/locale.pak": "ca73097bd968b363b7145e86b64f3c595e533808b0763dc8863a27fc363cfa51",
      "/Users/jeongyounglee/work/repo/desktop-monster/release/mac-arm64/DesMon.app/Contents/Frameworks/Electron Framework.framework/Versions/Current/Resources/lv_NEUTER.lproj/locale.pak": "ca73097bd968b363b7145e86b64f3c595e533808b0763dc8863a27fc363cfa51",
      "/Users/jeongyounglee/work/repo/desktop-monster/release/mac-arm64/DesMon.app/Contents/Frameworks/Electron Framework.framework/Versions/Current/Resources/ml.lproj/locale.pak": "253ad79f021f876de72d0e40b695f71889763ba268a4a29a9f1222a6569616bb",
      "/Users/jeongyounglee/work/repo/desktop-monster/release/mac-arm64/DesMon.app/Contents/Frameworks/Electron Framework.framework/Versions/Current/Resources/ml_FEMININE.lproj/locale.pak": "ca73097bd968b363b7145e86b64f3c595e533808b0763dc8863a27fc363cfa51",
      "/Users/jeongyounglee/work/repo/desktop-monster/release/mac-arm64/DesMon.app/Contents/Frameworks/Electron Framework.framework/Versions/Current/Resources/ml_MASCULINE.lproj/locale.pak": "ca73097bd968b363b7145e86b64f3c595e533808b0763dc8863a27fc363cfa51",
      "/Users/jeongyounglee/work/repo/desktop-monster/release/mac-arm64/DesMon.app/Contents/Frameworks/Electron Framework.framework/Versions/Current/Resources/ml_NEUTER.lproj/locale.pak": "ca73097bd968b363b7145e86b64f3c595e533808b0763dc8863a27fc363cfa51",
      "/Users/jeongyounglee/work/repo/desktop-monster/release/mac-arm64/DesMon.app/Contents/Frameworks/Electron Framework.framework/Versions/Current/Resources/mr.lproj/locale.pak": "3e4b3442cf597de60e14d5b5ac066b6cd813767cc008953309e62724a198fdf5",
      "/Users/jeongyounglee/work/repo/desktop-monster/release/mac-arm64/DesMon.app/Contents/Frameworks/Electron Framework.framework/Versions/Current/Resources/mr_FEMININE.lproj/locale.pak": "ca73097bd968b363b7145e86b64f3c595e533808b0763dc8863a27fc363cfa51",
      "/Users/jeongyounglee/work/repo/desktop-monster/release/mac-arm64/DesMon.app/Contents/Frameworks/Electron Framework.framework/Versions/Current/Resources/mr_MASCULINE.lproj/locale.pak": "ca73097bd968b363b7145e86b64f3c595e533808b0763dc8863a27fc363cfa51",
      "/Users/jeongyounglee/work/repo/desktop-monster/release/mac-arm64/DesMon.app/Contents/Frameworks/Electron Framework.framework/Versions/Current/Resources/mr_NEUTER.lproj/locale.pak": "ca73097bd968b363b7145e86b64f3c595e533808b0763dc8863a27fc363cfa51",
      "/Users/jeongyounglee/work/repo/desktop-monster/release/mac-arm64/DesMon.app/Contents/Frameworks/Electron Framework.framework/Versions/Current/Resources/ms.lproj/locale.pak": "4007e32f10232de56464d7d74548849f7115c5e0e78d5c0773cdcff7d6cdf983",
      "/Users/jeongyounglee/work/repo/desktop-monster/release/mac-arm64/DesMon.app/Contents/Frameworks/Electron Framework.framework/Versions/Current/Resources/ms_FEMININE.lproj/locale.pak": "ca73097bd968b363b7145e86b64f3c595e533808b0763dc8863a27fc363cfa51",
      "/Users/jeongyounglee/work/repo/desktop-monster/release/mac-arm64/DesMon.app/Contents/Frameworks/Electron Framework.framework/Versions/Current/Resources/ms_MASCULINE.lproj/locale.pak": "ca73097bd968b363b7145e86b64f3c595e533808b0763dc8863a27fc363cfa51",
      "/Users/jeongyounglee/work/repo/desktop-monster/release/mac-arm64/DesMon.app/Contents/Frameworks/Electron Framework.framework/Versions/Current/Resources/ms_NEUTER.lproj/locale.pak": "ca73097bd968b363b7145e86b64f3c595e533808b0763dc8863a27fc363cfa51",
      "/Users/jeongyounglee/work/repo/desktop-monster/release/mac-arm64/DesMon.app/Contents/Frameworks/Electron Framework.framework/Versions/Current/Resources/nb.lproj/locale.pak": "adf78b55d3d68bd0dc535478b9e61ec32c9d36212757df93ada62c61306822cc",
      "/Users/jeongyounglee/work/repo/desktop-monster/release/mac-arm64/DesMon.app/Contents/Frameworks/Electron Framework.framework/Versions/Current/Resources/nb_FEMININE.lproj/locale.pak": "ca73097bd968b363b7145e86b64f3c595e533808b0763dc8863a27fc363cfa51",
      "/Users/jeongyounglee/work/repo/desktop-monster/release/mac-arm64/DesMon.app/Contents/Frameworks/Electron Framework.framework/Versions/Current/Resources/nb_MASCULINE.lproj/locale.pak": "ca73097bd968b363b7145e86b64f3c595e533808b0763dc8863a27fc363cfa51",
      "/Users/jeongyounglee/work/repo/desktop-monster/release/mac-arm64/DesMon.app/Contents/Frameworks/Electron Framework.framework/Versions/Current/Resources/nb_NEUTER.lproj/locale.pak": "ca73097bd968b363b7145e86b64f3c595e533808b0763dc8863a27fc363cfa51",
      "/Users/jeongyounglee/work/repo/desktop-monster/release/mac-arm64/DesMon.app/Contents/Frameworks/Electron Framework.framework/Versions/Current/Resources/nl.lproj/locale.pak": "60d1c67b85138b58b0497674ccbc82e7879e58ce7eaf9c2d25f29040b6d52077",
      "/Users/jeongyounglee/work/repo/desktop-monster/release/mac-arm64/DesMon.app/Contents/Frameworks/Electron Framework.framework/Versions/Current/Resources/nl_FEMININE.lproj/locale.pak": "ca73097bd968b363b7145e86b64f3c595e533808b0763dc8863a27fc363cfa51",
      "/Users/jeongyounglee/work/repo/desktop-monster/release/mac-arm64/DesMon.app/Contents/Frameworks/Electron Framework.framework/Versions/Current/Resources/nl_MASCULINE.lproj/locale.pak": "ca73097bd968b363b7145e86b64f3c595e533808b0763dc8863a27fc363cfa51",
      "/Users/jeongyounglee/work/repo/desktop-monster/release/mac-arm64/DesMon.app/Contents/Frameworks/Electron Framework.framework/Versions/Current/Resources/nl_NEUTER.lproj/locale.pak": "ca73097bd968b363b7145e86b64f3c595e533808b0763dc8863a27fc363cfa51",
      "/Users/jeongyounglee/work/repo/desktop-monster/release/mac-arm64/DesMon.app/Contents/Frameworks/Electron Framework.framework/Versions/Current/Resources/pl.lproj/locale.pak": "dc8ef71143eb4d31958f799ea1116adcd3d15fd6f5bb23b125ed039fd63ed6f0",
      "/Users/jeongyounglee/work/repo/desktop-monster/release/mac-arm64/DesMon.app/Contents/Frameworks/Electron Framework.framework/Versions/Current/Resources/pl_FEMININE.lproj/locale.pak": "ca73097bd968b363b7145e86b64f3c595e533808b0763dc8863a27fc363cfa51",
      "/Users/jeongyounglee/work/repo/desktop-monster/release/mac-arm64/DesMon.app/Contents/Frameworks/Electron Framework.framework/Versions/Current/Resources/pl_MASCULINE.lproj/locale.pak": "ca73097bd968b363b7145e86b64f3c595e533808b0763dc8863a27fc363cfa51",
      "/Users/jeongyounglee/work/repo/desktop-monster/release/mac-arm64/DesMon.app/Contents/Frameworks/Electron Framework.framework/Versions/Current/Resources/pl_NEUTER.lproj/locale.pak": "ca73097bd968b363b7145e86b64f3c595e533808b0763dc8863a27fc363cfa51",
      "/Users/jeongyounglee/work/repo/desktop-monster/release/mac-arm64/DesMon.app/Contents/Frameworks/Electron Framework.framework/Versions/Current/Resources/pt_BR.lproj/locale.pak": "144fb564da9b9063691453824f51347779d5aea4766449fe2f21bb4e158d890e",
      "/Users/jeongyounglee/work/repo/desktop-monster/release/mac-arm64/DesMon.app/Contents/Frameworks/Electron Framework.framework/Versions/Current/Resources/pt_BR_FEMININE.lproj/locale.pak": "ca73097bd968b363b7145e86b64f3c595e533808b0763dc8863a27fc363cfa51",
      "/Users/jeongyounglee/work/repo/desktop-monster/release/mac-arm64/DesMon.app/Contents/Frameworks/Electron Framework.framework/Versions/Current/Resources/pt_BR_MASCULINE.lproj/locale.pak": "ca73097bd968b363b7145e86b64f3c595e533808b0763dc8863a27fc363cfa51",
      "/Users/jeongyounglee/work/repo/desktop-monster/release/mac-arm64/DesMon.app/Contents/Frameworks/Electron Framework.framework/Versions/Current/Resources/pt_BR_NEUTER.lproj/locale.pak": "ca73097bd968b363b7145e86b64f3c595e533808b0763dc8863a27fc363cfa51",
      "/Users/jeongyounglee/work/repo/desktop-monster/release/mac-arm64/DesMon.app/Contents/Frameworks/Electron Framework.framework/Versions/Current/Resources/pt_PT.lproj/locale.pak": "18b33c098934c190c93c32f27b1dbe2bc65721bb2d2d037dcfa47e4d8d5f7100",
      "/Users/jeongyounglee/work/repo/desktop-monster/release/mac-arm64/DesMon.app/Contents/Frameworks/Electron Framework.framework/Versions/Current/Resources/pt_PT_FEMININE.lproj/locale.pak": "ca73097bd968b363b7145e86b64f3c595e533808b0763dc8863a27fc363cfa51",
      "/Users/jeongyounglee/work/repo/desktop-monster/release/mac-arm64/DesMon.app/Contents/Frameworks/Electron Framework.framework/Versions/Current/Resources/pt_PT_MASCULINE.lproj/locale.pak": "ca73097bd968b363b7145e86b64f3c595e533808b0763dc8863a27fc363cfa51",
      "/Users/jeongyounglee/work/repo/desktop-monster/release/mac-arm64/DesMon.app/Contents/Frameworks/Electron Framework.framework/Versions/Current/Resources/pt_PT_NEUTER.lproj/locale.pak": "ca73097bd968b363b7145e86b64f3c595e533808b0763dc8863a27fc363cfa51",
      "/Users/jeongyounglee/work/repo/desktop-monster/release/mac-arm64/DesMon.app/Contents/Frameworks/Electron Framework.framework/Versions/Current/Resources/resources.pak": "fe09b0c6634e796f2296359f609f40ca0cad4b360ff060cf5287fb5425589bff",
      "/Users/jeongyounglee/work/repo/desktop-monster/release/mac-arm64/DesMon.app/Contents/Frameworks/Electron Framework.framework/Versions/Current/Resources/ro.lproj/locale.pak": "db77fe45d6a4e521ffec4234285416a241fadfed4c9fa25058bcd5c3ddab636f",
      "/Users/jeongyounglee/work/repo/desktop-monster/release/mac-arm64/DesMon.app/Contents/Frameworks/Electron Framework.framework/Versions/Current/Resources/ro_FEMININE.lproj/locale.pak": "ca73097bd968b363b7145e86b64f3c595e533808b0763dc8863a27fc363cfa51",
      "/Users/jeongyounglee/work/repo/desktop-monster/release/mac-arm64/DesMon.app/Contents/Frameworks/Electron Framework.framework/Versions/Current/Resources/ro_MASCULINE.lproj/locale.pak": "ca73097bd968b363b7145e86b64f3c595e533808b0763dc8863a27fc363cfa51",
      "/Users/jeongyounglee/work/repo/desktop-monster/release/mac-arm64/DesMon.app/Contents/Frameworks/Electron Framework.framework/Versions/Current/Resources/ro_NEUTER.lproj/locale.pak": "ca73097bd968b363b7145e86b64f3c595e533808b0763dc8863a27fc363cfa51",
      "/Users/jeongyounglee/work/repo/desktop-monster/release/mac-arm64/DesMon.app/Contents/Frameworks/Electron Framework.framework/Versions/Current/Resources/ru.lproj/locale.pak": "18e0d216779858468e0fa40f1752274b626c6a62009c4209d3a0606cbaf4bfca",
      "/Users/jeongyounglee/work/repo/desktop-monster/release/mac-arm64/DesMon.app/Contents/Frameworks/Electron Framework.framework/Versions/Current/Resources/ru_FEMININE.lproj/locale.pak": "ca73097bd968b363b7145e86b64f3c595e533808b0763dc8863a27fc363cfa51",
      "/Users/jeongyounglee/work/repo/desktop-monster/release/mac-arm64/DesMon.app/Contents/Frameworks/Electron Framework.framework/Versions/Current/Resources/ru_MASCULINE.lproj/locale.pak": "ca73097bd968b363b7145e86b64f3c595e533808b0763dc8863a27fc363cfa51",
      "/Users/jeongyounglee/work/repo/desktop-monster/release/mac-arm64/DesMon.app/Contents/Frameworks/Electron Framework.framework/Versions/Current/Resources/ru_NEUTER.lproj/locale.pak": "ca73097bd968b363b7145e86b64f3c595e533808b0763dc8863a27fc363cfa51",
      "/Users/jeongyounglee/work/repo/desktop-monster/release/mac-arm64/DesMon.app/Contents/Frameworks/Electron Framework.framework/Versions/Current/Resources/sk.lproj/locale.pak": "4855da564dd6f53d8a6523fafac12678736641fdaf8299d7c07c219dd6ae52cb",
      "/Users/jeongyounglee/work/repo/desktop-monster/release/mac-arm64/DesMon.app/Contents/Frameworks/Electron Framework.framework/Versions/Current/Resources/sk_FEMININE.lproj/locale.pak": "ca73097bd968b363b7145e86b64f3c595e533808b0763dc8863a27fc363cfa51",
      "/Users/jeongyounglee/work/repo/desktop-monster/release/mac-arm64/DesMon.app/Contents/Frameworks/Electron Framework.framework/Versions/Current/Resources/sk_MASCULINE.lproj/locale.pak": "ca73097bd968b363b7145e86b64f3c595e533808b0763dc8863a27fc363cfa51",
      "/Users/jeongyounglee/work/repo/desktop-monster/release/mac-arm64/DesMon.app/Contents/Frameworks/Electron Framework.framework/Versions/Current/Resources/sk_NEUTER.lproj/locale.pak": "ca73097bd968b363b7145e86b64f3c595e533808b0763dc8863a27fc363cfa51",
      "/Users/jeongyounglee/work/repo/desktop-monster/release/mac-arm64/DesMon.app/Contents/Frameworks/Electron Framework.framework/Versions/Current/Resources/sl.lproj/locale.pak": "9c53c23cae3dec230e337d6390538cfa8eef6162bc5ece192d0d23f03f355e60",
      "/Users/jeongyounglee/work/repo/desktop-monster/release/mac-arm64/DesMon.app/Contents/Frameworks/Electron Framework.framework/Versions/Current/Resources/sl_FEMININE.lproj/locale.pak": "ca73097bd968b363b7145e86b64f3c595e533808b0763dc8863a27fc363cfa51",
      "/Users/jeongyounglee/work/repo/desktop-monster/release/mac-arm64/DesMon.app/Contents/Frameworks/Electron Framework.framework/Versions/Current/Resources/sl_MASCULINE.lproj/locale.pak": "ca73097bd968b363b7145e86b64f3c595e533808b0763dc8863a27fc363cfa51",
      "/Users/jeongyounglee/work/repo/desktop-monster/release/mac-arm64/DesMon.app/Contents/Frameworks/Electron Framework.framework/Versions/Current/Resources/sl_NEUTER.lproj/locale.pak": "ca73097bd968b363b7145e86b64f3c595e533808b0763dc8863a27fc363cfa51",
      "/Users/jeongyounglee/work/repo/desktop-monster/release/mac-arm64/DesMon.app/Contents/Frameworks/Electron Framework.framework/Versions/Current/Resources/sr.lproj/locale.pak": "a73291fc773827af9e3c9b4317552eda488633f2eaea4a5893ad3980329170a7",
      "/Users/jeongyounglee/work/repo/desktop-monster/release/mac-arm64/DesMon.app/Contents/Frameworks/Electron Framework.framework/Versions/Current/Resources/sr_FEMININE.lproj/locale.pak": "ca73097bd968b363b7145e86b64f3c595e533808b0763dc8863a27fc363cfa51",
      "/Users/jeongyounglee/work/repo/desktop-monster/release/mac-arm64/DesMon.app/Contents/Frameworks/Electron Framework.framework/Versions/Current/Resources/sr_MASCULINE.lproj/locale.pak": "ca73097bd968b363b7145e86b64f3c595e533808b0763dc8863a27fc363cfa51",
      "/Users/jeongyounglee/work/repo/desktop-monster/release/mac-arm64/DesMon.app/Contents/Frameworks/Electron Framework.framework/Versions/Current/Resources/sr_NEUTER.lproj/locale.pak": "ca73097bd968b363b7145e86b64f3c595e533808b0763dc8863a27fc363cfa51",
      "/Users/jeongyounglee/work/repo/desktop-monster/release/mac-arm64/DesMon.app/Contents/Frameworks/Electron Framework.framework/Versions/Current/Resources/sv.lproj/locale.pak": "8a20844ddbbee27b05e341ab6e0afa6838f215ee6eece4d16b4d09e57855309a",
      "/Users/jeongyounglee/work/repo/desktop-monster/release/mac-arm64/DesMon.app/Contents/Frameworks/Electron Framework.framework/Versions/Current/Resources/sv_FEMININE.lproj/locale.pak": "ca73097bd968b363b7145e86b64f3c595e533808b0763dc8863a27fc363cfa51",
      "/Users/jeongyounglee/work/repo/desktop-monster/release/mac-arm64/DesMon.app/Contents/Frameworks/Electron Framework.framework/Versions/Current/Resources/sv_MASCULINE.lproj/locale.pak": "ca73097bd968b363b7145e86b64f3c595e533808b0763dc8863a27fc363cfa51",
      "/Users/jeongyounglee/work/repo/desktop-monster/release/mac-arm64/DesMon.app/Contents/Frameworks/Electron Framework.framework/Versions/Current/Resources/sv_NEUTER.lproj/locale.pak": "ca73097bd968b363b7145e86b64f3c595e533808b0763dc8863a27fc363cfa51",
      "/Users/jeongyounglee/work/repo/desktop-monster/release/mac-arm64/DesMon.app/Contents/Frameworks/Electron Framework.framework/Versions/Current/Resources/sw.lproj/locale.pak": "90bacd490b3667d55420fd5caa898718fe19f05d486cf34d2f1116763d87aa97",
      "/Users/jeongyounglee/work/repo/desktop-monster/release/mac-arm64/DesMon.app/Contents/Frameworks/Electron Framework.framework/Versions/Current/Resources/sw_FEMININE.lproj/locale.pak": "ca73097bd968b363b7145e86b64f3c595e533808b0763dc8863a27fc363cfa51",
      "/Users/jeongyounglee/work/repo/desktop-monster/release/mac-arm64/DesMon.app/Contents/Frameworks/Electron Framework.framework/Versions/Current/Resources/sw_MASCULINE.lproj/locale.pak": "ca73097bd968b363b7145e86b64f3c595e533808b0763dc8863a27fc363cfa51",
      "/Users/jeongyounglee/work/repo/desktop-monster/release/mac-arm64/DesMon.app/Contents/Frameworks/Electron Framework.framework/Versions/Current/Resources/sw_NEUTER.lproj/locale.pak": "ca73097bd968b363b7145e86b64f3c595e533808b0763dc8863a27fc363cfa51",
      "/Users/jeongyounglee/work/repo/desktop-monster/release/mac-arm64/DesMon.app/Contents/Frameworks/Electron Framework.framework/Versions/Current/Resources/ta.lproj/locale.pak": "39c9bcbd6b0bc6d9c89ed033ecaeb2f671221522cd53e2df620caa4079a25ffc",
      "/Users/jeongyounglee/work/repo/desktop-monster/release/mac-arm64/DesMon.app/Contents/Frameworks/Electron Framework.framework/Versions/Current/Resources/ta_FEMININE.lproj/locale.pak": "ca73097bd968b363b7145e86b64f3c595e533808b0763dc8863a27fc363cfa51",
      "/Users/jeongyounglee/work/repo/desktop-monster/release/mac-arm64/DesMon.app/Contents/Frameworks/Electron Framework.framework/Versions/Current/Resources/ta_MASCULINE.lproj/locale.pak": "ca73097bd968b363b7145e86b64f3c595e533808b0763dc8863a27fc363cfa51",
      "/Users/jeongyounglee/work/repo/desktop-monster/release/mac-arm64/DesMon.app/Contents/Frameworks/Electron Framework.framework/Versions/Current/Resources/ta_NEUTER.lproj/locale.pak": "ca73097bd968b363b7145e86b64f3c595e533808b0763dc8863a27fc363cfa51",
      "/Users/jeongyounglee/work/repo/desktop-monster/release/mac-arm64/DesMon.app/Contents/Frameworks/Electron Framework.framework/Versions/Current/Resources/te.lproj/locale.pak": "a44aabaa4e9aa528149a8af5832bdb6c5bf89c593e2043f2374feec7a8ec2639",
      "/Users/jeongyounglee/work/repo/desktop-monster/release/mac-arm64/DesMon.app/Contents/Frameworks/Electron Framework.framework/Versions/Current/Resources/te_FEMININE.lproj/locale.pak": "ca73097bd968b363b7145e86b64f3c595e533808b0763dc8863a27fc363cfa51",
      "/Users/jeongyounglee/work/repo/desktop-monster/release/mac-arm64/DesMon.app/Contents/Frameworks/Electron Framework.framework/Versions/Current/Resources/te_MASCULINE.lproj/locale.pak": "ca73097bd968b363b7145e86b64f3c595e533808b0763dc8863a27fc363cfa51",
      "/Users/jeongyounglee/work/repo/desktop-monster/release/mac-arm64/DesMon.app/Contents/Frameworks/Electron Framework.framework/Versions/Current/Resources/te_NEUTER.lproj/locale.pak": "ca73097bd968b363b7145e86b64f3c595e533808b0763dc8863a27fc363cfa51",
      "/Users/jeongyounglee/work/repo/desktop-monster/release/mac-arm64/DesMon.app/Contents/Frameworks/Electron Framework.framework/Versions/Current/Resources/th.lproj/locale.pak": "6df2a3477c472f14a1ce60519f6166ba88a0b278e68f723772a3db252d603ecc",
      "/Users/jeongyounglee/work/repo/desktop-monster/release/mac-arm64/DesMon.app/Contents/Frameworks/Electron Framework.framework/Versions/Current/Resources/th_FEMININE.lproj/locale.pak": "ca73097bd968b363b7145e86b64f3c595e533808b0763dc8863a27fc363cfa51",
      "/Users/jeongyounglee/work/repo/desktop-monster/release/mac-arm64/DesMon.app/Contents/Frameworks/Electron Framework.framework/Versions/Current/Resources/th_MASCULINE.lproj/locale.pak": "ca73097bd968b363b7145e86b64f3c595e533808b0763dc8863a27fc363cfa51",
      "/Users/jeongyounglee/work/repo/desktop-monster/release/mac-arm64/DesMon.app/Contents/Frameworks/Electron Framework.framework/Versions/Current/Resources/th_NEUTER.lproj/locale.pak": "ca73097bd968b363b7145e86b64f3c595e533808b0763dc8863a27fc363cfa51",
      "/Users/jeongyounglee/work/repo/desktop-monster/release/mac-arm64/DesMon.app/Contents/Frameworks/Electron Framework.framework/Versions/Current/Resources/tr.lproj/locale.pak": "2891fdcbf88c8dea2383d4d9abb225d1423c0b38d9ea33e1c552eb40a1ae5fe6",
      "/Users/jeongyounglee/work/repo/desktop-monster/release/mac-arm64/DesMon.app/Contents/Frameworks/Electron Framework.framework/Versions/Current/Resources/tr_FEMININE.lproj/locale.pak": "ca73097bd968b363b7145e86b64f3c595e533808b0763dc8863a27fc363cfa51",
      "/Users/jeongyounglee/work/repo/desktop-monster/release/mac-arm64/DesMon.app/Contents/Frameworks/Electron Framework.framework/Versions/Current/Resources/tr_MASCULINE.lproj/locale.pak": "ca73097bd968b363b7145e86b64f3c595e533808b0763dc8863a27fc363cfa51",
      "/Users/jeongyounglee/work/repo/desktop-monster/release/mac-arm64/DesMon.app/Contents/Frameworks/Electron Framework.framework/Versions/Current/Resources/tr_NEUTER.lproj/locale.pak": "ca73097bd968b363b7145e86b64f3c595e533808b0763dc8863a27fc363cfa51",
      "/Users/jeongyounglee/work/repo/desktop-monster/release/mac-arm64/DesMon.app/Contents/Frameworks/Electron Framework.framework/Versions/Current/Resources/uk.lproj/locale.pak": "326b200c45b999b86ab90db588e6d856fba96f79ed7fe4291d2248929aa6f857",
      "/Users/jeongyounglee/work/repo/desktop-monster/release/mac-arm64/DesMon.app/Contents/Frameworks/Electron Framework.framework/Versions/Current/Resources/uk_FEMININE.lproj/locale.pak": "ca73097bd968b363b7145e86b64f3c595e533808b0763dc8863a27fc363cfa51",
      "/Users/jeongyounglee/work/repo/desktop-monster/release/mac-arm64/DesMon.app/Contents/Frameworks/Electron Framework.framework/Versions/Current/Resources/uk_MASCULINE.lproj/locale.pak": "ca73097bd968b363b7145e86b64f3c595e533808b0763dc8863a27fc363cfa51",
      "/Users/jeongyounglee/work/repo/desktop-monster/release/mac-arm64/DesMon.app/Contents/Frameworks/Electron Framework.framework/Versions/Current/Resources/uk_NEUTER.lproj/locale.pak": "ca73097bd968b363b7145e86b64f3c595e533808b0763dc8863a27fc363cfa51",
      "/Users/jeongyounglee/work/repo/desktop-monster/release/mac-arm64/DesMon.app/Contents/Frameworks/Electron Framework.framework/Versions/Current/Resources/ur.lproj/locale.pak": "c15857494b69160d8acc6c1c34bd08f0ff9d8355703dbf782b27610447535b47",
      "/Users/jeongyounglee/work/repo/desktop-monster/release/mac-arm64/DesMon.app/Contents/Frameworks/Electron Framework.framework/Versions/Current/Resources/ur_FEMININE.lproj/locale.pak": "ca73097bd968b363b7145e86b64f3c595e533808b0763dc8863a27fc363cfa51",
      "/Users/jeongyounglee/work/repo/desktop-monster/release/mac-arm64/DesMon.app/Contents/Frameworks/Electron Framework.framework/Versions/Current/Resources/ur_MASCULINE.lproj/locale.pak": "ca73097bd968b363b7145e86b64f3c595e533808b0763dc8863a27fc363cfa51",
      "/Users/jeongyounglee/work/repo/desktop-monster/release/mac-arm64/DesMon.app/Contents/Frameworks/Electron Framework.framework/Versions/Current/Resources/ur_NEUTER.lproj/locale.pak": "ca73097bd968b363b7145e86b64f3c595e533808b0763dc8863a27fc363cfa51",
      "/Users/jeongyounglee/work/repo/desktop-monster/release/mac-arm64/DesMon.app/Contents/Frameworks/Electron Framework.framework/Versions/Current/Resources/v8_context_snapshot.arm64.bin": "9d23d7db0063de4821b9c9a964d47881a6760c0347eeec7b40c1b5e03eb3ce87",
      "/Users/jeongyounglee/work/repo/desktop-monster/release/mac-arm64/DesMon.app/Contents/Frameworks/Electron Framework.framework/Versions/Current/Resources/vi.lproj/locale.pak": "78b1e930a92ea1cedf75ba0f7e7d3abce18fa85a97a108ef6869c41b815aad8e",
      "/Users/jeongyounglee/work/repo/desktop-monster/release/mac-arm64/DesMon.app/Contents/Frameworks/Electron Framework.framework/Versions/Current/Resources/vi_FEMININE.lproj/locale.pak": "ca73097bd968b363b7145e86b64f3c595e533808b0763dc8863a27fc363cfa51",
      "/Users/jeongyounglee/work/repo/desktop-monster/release/mac-arm64/DesMon.app/Contents/Frameworks/Electron Framework.framework/Versions/Current/Resources/vi_MASCULINE.lproj/locale.pak": "ca73097bd968b363b7145e86b64f3c595e533808b0763dc8863a27fc363cfa51",
      "/Users/jeongyounglee/work/repo/desktop-monster/release/mac-arm64/DesMon.app/Contents/Frameworks/Electron Framework.framework/Versions/Current/Resources/vi_NEUTER.lproj/locale.pak": "ca73097bd968b363b7145e86b64f3c595e533808b0763dc8863a27fc363cfa51",
      "/Users/jeongyounglee/work/repo/desktop-monster/release/mac-arm64/DesMon.app/Contents/Frameworks/Electron Framework.framework/Versions/Current/Resources/zh_CN.lproj/locale.pak": "caacb015e3c3ce1feb191526d327742f980623bc572749861055f53dbb48ffaa",
      "/Users/jeongyounglee/work/repo/desktop-monster/release/mac-arm64/DesMon.app/Contents/Frameworks/Electron Framework.framework/Versions/Current/Resources/zh_CN_FEMININE.lproj/locale.pak": "ca73097bd968b363b7145e86b64f3c595e533808b0763dc8863a27fc363cfa51",
      "/Users/jeongyounglee/work/repo/desktop-monster/release/mac-arm64/DesMon.app/Contents/Frameworks/Electron Framework.framework/Versions/Current/Resources/zh_CN_MASCULINE.lproj/locale.pak": "ca73097bd968b363b7145e86b64f3c595e533808b0763dc8863a27fc363cfa51",
      "/Users/jeongyounglee/work/repo/desktop-monster/release/mac-arm64/DesMon.app/Contents/Frameworks/Electron Framework.framework/Versions/Current/Resources/zh_CN_NEUTER.lproj/locale.pak": "ca73097bd968b363b7145e86b64f3c595e533808b0763dc8863a27fc363cfa51",
      "/Users/jeongyounglee/work/repo/desktop-monster/release/mac-arm64/DesMon.app/Contents/Frameworks/Electron Framework.framework/Versions/Current/Resources/zh_TW.lproj/locale.pak": "6402d7eb0f5928d9da46d9fd72a276c30ea3c8b5c72d7d2b1309a2b547959f5a",
      "/Users/jeongyounglee/work/repo/desktop-monster/release/mac-arm64/DesMon.app/Contents/Frameworks/Electron Framework.framework/Versions/Current/Resources/zh_TW_FEMININE.lproj/locale.pak": "ca73097bd968b363b7145e86b64f3c595e533808b0763dc8863a27fc363cfa51",
      "/Users/jeongyounglee/work/repo/desktop-monster/release/mac-arm64/DesMon.app/Contents/Frameworks/Electron Framework.framework/Versions/Current/Resources/zh_TW_MASCULINE.lproj/locale.pak": "ca73097bd968b363b7145e86b64f3c595e533808b0763dc8863a27fc363cfa51",
      "/Users/jeongyounglee/work/repo/desktop-monster/release/mac-arm64/DesMon.app/Contents/Frameworks/Electron Framework.framework/Versions/Current/Resources/zh_TW_NEUTER.lproj/locale.pak": "ca73097bd968b363b7145e86b64f3c595e533808b0763dc8863a27fc363cfa51",
      "/Users/jeongyounglee/work/repo/desktop-monster/release/mac-arm64/DesMon.app/Contents/Frameworks/Mantle.framework/Mantle": "0a4a3db268e7a0b6e907b42190630689984eff6a58dd4aaca01a11f809780adf",
      "/Users/jeongyounglee/work/repo/desktop-monster/release/mac-arm64/DesMon.app/Contents/Frameworks/Mantle.framework/Resources/Info.plist": "ac5c3b1c6777d392cab7394eeb6ef973ea5737ea13f8af865eb5fc7e00001bab",
      "/Users/jeongyounglee/work/repo/desktop-monster/release/mac-arm64/DesMon.app/Contents/Frameworks/Mantle.framework/Versions/A/Mantle": "0a4a3db268e7a0b6e907b42190630689984eff6a58dd4aaca01a11f809780adf",
      "/Users/jeongyounglee/work/repo/desktop-monster/release/mac-arm64/DesMon.app/Contents/Frameworks/Mantle.framework/Versions/A/Resources/Info.plist": "ac5c3b1c6777d392cab7394eeb6ef973ea5737ea13f8af865eb5fc7e00001bab",
      "/Users/jeongyounglee/work/repo/desktop-monster/release/mac-arm64/DesMon.app/Contents/Frameworks/Mantle.framework/Versions/Current/Mantle": "0a4a3db268e7a0b6e907b42190630689984eff6a58dd4aaca01a11f809780adf",
      "/Users/jeongyounglee/work/repo/desktop-monster/release/mac-arm64/DesMon.app/Contents/Frameworks/Mantle.framework/Versions/Current/Resources/Info.plist": "ac5c3b1c6777d392cab7394eeb6ef973ea5737ea13f8af865eb5fc7e00001bab",
      "/Users/jeongyounglee/work/repo/desktop-monster/release/mac-arm64/DesMon.app/Contents/Frameworks/ReactiveObjC.framework/ReactiveObjC": "446bb62ae060cb5a7c0e1dc6c3430ff29ee3f48c25edcf9caee075ad70b97e93",
      "/Users/jeongyounglee/work/repo/desktop-monster/release/mac-arm64/DesMon.app/Contents/Frameworks/ReactiveObjC.framework/Resources/Info.plist": "4ded0fe1f4647f5b1862a2a98998aa7c3ade9bd925d097258e24667c446e7496",
      "/Users/jeongyounglee/work/repo/desktop-monster/release/mac-arm64/DesMon.app/Contents/Frameworks/ReactiveObjC.framework/Versions/A/ReactiveObjC": "446bb62ae060cb5a7c0e1dc6c3430ff29ee3f48c25edcf9caee075ad70b97e93",
      "/Users/jeongyounglee/work/repo/desktop-monster/release/mac-arm64/DesMon.app/Contents/Frameworks/ReactiveObjC.framework/Versions/A/Resources/Info.plist": "4ded0fe1f4647f5b1862a2a98998aa7c3ade9bd925d097258e24667c446e7496",
      "/Users/jeongyounglee/work/repo/desktop-monster/release/mac-arm64/DesMon.app/Contents/Frameworks/ReactiveObjC.framework/Versions/Current/ReactiveObjC": "446bb62ae060cb5a7c0e1dc6c3430ff29ee3f48c25edcf9caee075ad70b97e93",
      "/Users/jeongyounglee/work/repo/desktop-monster/release/mac-arm64/DesMon.app/Contents/Frameworks/ReactiveObjC.framework/Versions/Current/Resources/Info.plist": "4ded0fe1f4647f5b1862a2a98998aa7c3ade9bd925d097258e24667c446e7496",
      "/Users/jeongyounglee/work/repo/desktop-monster/release/mac-arm64/DesMon.app/Contents/Frameworks/Squirrel.framework/Resources/Info.plist": "f61ab349887360a2d84603ecff17ab6633cb7fe2e8e72861f4e38e9120f472bf",
      "/Users/jeongyounglee/work/repo/desktop-monster/release/mac-arm64/DesMon.app/Contents/Frameworks/Squirrel.framework/Resources/ShipIt": "b54534fe3213ce10fd32cb38f27f3f794a7327ffd32e80debe09e3bda54431f0",
      "/Users/jeongyounglee/work/repo/desktop-monster/release/mac-arm64/DesMon.app/Contents/Frameworks/Squirrel.framework/Squirrel": "c4cb6b1df137ea8091760684769df4a7226bc51faef9144dde47e5221ac7c9f9",
      "/Users/jeongyounglee/work/repo/desktop-monster/release/mac-arm64/DesMon.app/Contents/Frameworks/Squirrel.framework/Versions/A/Resources/Info.plist": "f61ab349887360a2d84603ecff17ab6633cb7fe2e8e72861f4e38e9120f472bf",
      "/Users/jeongyounglee/work/repo/desktop-monster/release/mac-arm64/DesMon.app/Contents/Frameworks/Squirrel.framework/Versions/A/Resources/ShipIt": "b54534fe3213ce10fd32cb38f27f3f794a7327ffd32e80debe09e3bda54431f0",
      "/Users/jeongyounglee/work/repo/desktop-monster/release/mac-arm64/DesMon.app/Contents/Frameworks/Squirrel.framework/Versions/A/Squirrel": "c4cb6b1df137ea8091760684769df4a7226bc51faef9144dde47e5221ac7c9f9",
      "/Users/jeongyounglee/work/repo/desktop-monster/release/mac-arm64/DesMon.app/Contents/Frameworks/Squirrel.framework/Versions/Current/Resources/Info.plist": "f61ab349887360a2d84603ecff17ab6633cb7fe2e8e72861f4e38e9120f472bf",
      "/Users/jeongyounglee/work/repo/desktop-monster/release/mac-arm64/DesMon.app/Contents/Frameworks/Squirrel.framework/Versions/Current/Resources/ShipIt": "b54534fe3213ce10fd32cb38f27f3f794a7327ffd32e80debe09e3bda54431f0",
      "/Users/jeongyounglee/work/repo/desktop-monster/release/mac-arm64/DesMon.app/Contents/Frameworks/Squirrel.framework/Versions/Current/Squirrel": "c4cb6b1df137ea8091760684769df4a7226bc51faef9144dde47e5221ac7c9f9",
      "/Users/jeongyounglee/work/repo/desktop-monster/release/mac-arm64/DesMon.app/Contents/Info.plist": "593ebecc905048f9b3c8871aefb40b152fbe364240cf6664ebfceab8193b3fbf",
      "/Users/jeongyounglee/work/repo/desktop-monster/release/mac-arm64/DesMon.app/Contents/MacOS/DesMon": "cf74833a9b0c242e26c177005d7d61819e5bf5ed199acc794fed2eb0cc4f3149",
      "/Users/jeongyounglee/work/repo/desktop-monster/release/mac-arm64/DesMon.app/Contents/PkgInfo": "82502191c9484b04d685374f9879a0066069c49b8acae7a04b01d38d07e8eca0",
      "/Users/jeongyounglee/work/repo/desktop-monster/release/mac-arm64/DesMon.app/Contents/Resources/app-update.yml": "32b4ece2feadbb981282b268308813ddc8840dafb7f4a2df5bb19518c53052bf",
      "/Users/jeongyounglee/work/repo/desktop-monster/release/mac-arm64/DesMon.app/Contents/Resources/app.asar": "7f8288a78178861d31ff1a657dcd8e225b379557dc62ff01870be4ee6c81924c",
      "/Users/jeongyounglee/work/repo/desktop-monster/release/mac-arm64/DesMon.app/Contents/Resources/app.asar.unpacked/node_modules/uiohook-napi/LICENSE": "071c22737c45e77621eb378db221ebf88cf86138474371dbcc06382d6606980f",
      "/Users/jeongyounglee/work/repo/desktop-monster/release/mac-arm64/DesMon.app/Contents/Resources/app.asar.unpacked/node_modules/uiohook-napi/dist/index.js": "b927f8baf1180d79592900cd3a5eb5bd8ce2c2b0dcfe8a7da58fd37891d64b6c",
      "/Users/jeongyounglee/work/repo/desktop-monster/release/mac-arm64/DesMon.app/Contents/Resources/app.asar.unpacked/node_modules/uiohook-napi/dist/index.js.map": "22777e225b299e0b0cac6c8287e3f31e8f78bcea0f912dd5d841f70ed7baf39e",
      "/Users/jeongyounglee/work/repo/desktop-monster/release/mac-arm64/DesMon.app/Contents/Resources/app.asar.unpacked/node_modules/uiohook-napi/dist/prebuild-test-noop.js": "9a7b050e26b0ee0076ebebe7b44e779d1b4b90d50331550316b47ba1d82b8cfc",
      "/Users/jeongyounglee/work/repo/desktop-monster/release/mac-arm64/DesMon.app/Contents/Resources/app.asar.unpacked/node_modules/uiohook-napi/dist/prebuild-test-noop.js.map": "a4ce7fc9d8cecdaa9e93b6717740e9cf83f5896f0da7d21d74db438dd201a363",
      "/Users/jeongyounglee/work/repo/desktop-monster/release/mac-arm64/DesMon.app/Contents/Resources/app.asar.unpacked/node_modules/uiohook-napi/libuiohook/include/uiohook.h": "f752d74b8572e1fb833a9440341a45a4c4364a354fe627f6f645b959cd897b86",
      "/Users/jeongyounglee/work/repo/desktop-monster/release/mac-arm64/DesMon.app/Contents/Resources/app.asar.unpacked/node_modules/uiohook-napi/libuiohook/src/darwin/input_helper.c": "b0bf7ad4231638589ac96454044a8ec2cd545df152613c0475ac68a9abf54780",
      "/Users/jeongyounglee/work/repo/desktop-monster/release/mac-arm64/DesMon.app/Contents/Resources/app.asar.unpacked/node_modules/uiohook-napi/libuiohook/src/darwin/input_helper.h": "93064e88c32ebe57c72b94b3da4015ca940d25c5e2d41568eb7b124c13fc816e",
      "/Users/jeongyounglee/work/repo/desktop-monster/release/mac-arm64/DesMon.app/Contents/Resources/app.asar.unpacked/node_modules/uiohook-napi/libuiohook/src/darwin/input_hook.c": "58fd4b36ace091559efe8007bdafe26b1a9bab9912c284150cb71d9a4ffb71ab",
      "/Users/jeongyounglee/work/repo/desktop-monster/release/mac-arm64/DesMon.app/Contents/Resources/app.asar.unpacked/node_modules/uiohook-napi/libuiohook/src/darwin/post_event.c": "6797f21c8dd8f33717f2393d59574551ca9b3fc6fc39c6a4cfdf91a04a1c3ef5",
      "/Users/jeongyounglee/work/repo/desktop-monster/release/mac-arm64/DesMon.app/Contents/Resources/app.asar.unpacked/node_modules/uiohook-napi/libuiohook/src/darwin/system_properties.c": "4b325656c6319013d04380a52ffa9d1fc57cfde10a90a9fa42dd07bd72fba9fb",
      "/Users/jeongyounglee/work/repo/desktop-monster/release/mac-arm64/DesMon.app/Contents/Resources/app.asar.unpacked/node_modules/uiohook-napi/libuiohook/src/logger.c": "7c980d3a0590098b682b467a6f789751bc6f30658d9f3a761c280f8c573b258d",
      "/Users/jeongyounglee/work/repo/desktop-monster/release/mac-arm64/DesMon.app/Contents/Resources/app.asar.unpacked/node_modules/uiohook-napi/libuiohook/src/logger.h": "60a432037bc5488fb5f82a214315ecb93e24261c81363ce41e973138fa8e2cf7",
      "/Users/jeongyounglee/work/repo/desktop-monster/release/mac-arm64/DesMon.app/Contents/Resources/app.asar.unpacked/node_modules/uiohook-napi/libuiohook/src/windows/input_helper.c": "e6e7212e87b7796a7d4387728d991c9c3e188f898a7b9efcdcc5c1b13c537b41",
      "/Users/jeongyounglee/work/repo/desktop-monster/release/mac-arm64/DesMon.app/Contents/Resources/app.asar.unpacked/node_modules/uiohook-napi/libuiohook/src/windows/input_helper.h": "05a6728996ca1ad8699b2398b284a11e3749141475d4cb84dd0ac0b124fbc2e8",
      "/Users/jeongyounglee/work/repo/desktop-monster/release/mac-arm64/DesMon.app/Contents/Resources/app.asar.unpacked/node_modules/uiohook-napi/libuiohook/src/windows/input_hook.c": "ea0e810349be7055e86c183736c5c2692501cfab4b1665698f38066519a0f1ef",
      "/Users/jeongyounglee/work/repo/desktop-monster/release/mac-arm64/DesMon.app/Contents/Resources/app.asar.unpacked/node_modules/uiohook-napi/libuiohook/src/windows/post_event.c": "40119006fd5ed676084cfa5a0a5ff8841ecde15c326917e601513949fbc40c4c",
      "/Users/jeongyounglee/work/repo/desktop-monster/release/mac-arm64/DesMon.app/Contents/Resources/app.asar.unpacked/node_modules/uiohook-napi/libuiohook/src/windows/system_properties.c": "294dcc832cbb64463fa37e96bf35240a3b9b1814b4dff7d9f79c27c78fad1e3f",
      "/Users/jeongyounglee/work/repo/desktop-monster/release/mac-arm64/DesMon.app/Contents/Resources/app.asar.unpacked/node_modules/uiohook-napi/libuiohook/src/x11/input_helper.c": "a540a9b4609cab8db9bd7525a12a3beeb4401e70a49f5e04076cc37c6cec8b16",
      "/Users/jeongyounglee/work/repo/desktop-monster/release/mac-arm64/DesMon.app/Contents/Resources/app.asar.unpacked/node_modules/uiohook-napi/libuiohook/src/x11/input_helper.h": "4b02b9d69eb7d43b3c9b4db5197c77a36bac50a03c0a7c32abba096bb49c05f8",
      "/Users/jeongyounglee/work/repo/desktop-monster/release/mac-arm64/DesMon.app/Contents/Resources/app.asar.unpacked/node_modules/uiohook-napi/libuiohook/src/x11/input_hook.c": "fd77ed43059f15c29f9dd14010436ed944b84f1234104b45b70150654d83633f",
      "/Users/jeongyounglee/work/repo/desktop-monster/release/mac-arm64/DesMon.app/Contents/Resources/app.asar.unpacked/node_modules/uiohook-napi/libuiohook/src/x11/post_event.c": "4d37abe0ff1e145b90ae15bdc90339d6268bb77164cbc53214d8c2c0b6948f02",
      "/Users/jeongyounglee/work/repo/desktop-monster/release/mac-arm64/DesMon.app/Contents/Resources/app.asar.unpacked/node_modules/uiohook-napi/libuiohook/src/x11/system_properties.c": "644b6f0f5faf0b948ba6897cd956150579f73dd1940c87ca4fcee9d23dc9e967",
      "/Users/jeongyounglee/work/repo/desktop-monster/release/mac-arm64/DesMon.app/Contents/Resources/app.asar.unpacked/node_modules/uiohook-napi/package.json": "250ed80b63037a0ba22327e34e5ff300cd417915ca01c254778bb34acac78cf1",
      "/Users/jeongyounglee/work/repo/desktop-monster/release/mac-arm64/DesMon.app/Contents/Resources/app.asar.unpacked/node_modules/uiohook-napi/prebuilds/darwin-arm64/uiohook-napi.node": "f633b05e2065c9075cbe51b052aff6a27361adc1286135b31ecf8bf4bdc4b618",
      "/Users/jeongyounglee/work/repo/desktop-monster/release/mac-arm64/DesMon.app/Contents/Resources/app.asar.unpacked/node_modules/uiohook-napi/prebuilds/darwin-x64/uiohook-napi.node": "dae66747946c6be45f67fd1b0ae9fced492ded1d170c1971fa4baea78cdadd3c",
      "/Users/jeongyounglee/work/repo/desktop-monster/release/mac-arm64/DesMon.app/Contents/Resources/app.asar.unpacked/node_modules/uiohook-napi/prebuilds/linux-arm64/uiohook-napi.node": "8725ed2668b6f48e711ed8bb861106bc3b77eebddd76d02226f2c6e8704b687c",
      "/Users/jeongyounglee/work/repo/desktop-monster/release/mac-arm64/DesMon.app/Contents/Resources/app.asar.unpacked/node_modules/uiohook-napi/prebuilds/linux-loong64/uiohook-napi.node": "8725ed2668b6f48e711ed8bb861106bc3b77eebddd76d02226f2c6e8704b687c",
      "/Users/jeongyounglee/work/repo/desktop-monster/release/mac-arm64/DesMon.app/Contents/Resources/app.asar.unpacked/node_modules/uiohook-napi/prebuilds/linux-x64/uiohook-napi.node": "8725ed2668b6f48e711ed8bb861106bc3b77eebddd76d02226f2c6e8704b687c",
      "/Users/jeongyounglee/work/repo/desktop-monster/release/mac-arm64/DesMon.app/Contents/Resources/app.asar.unpacked/node_modules/uiohook-napi/prebuilds/win32-arm64/uiohook-napi.node": "0965d13d5e8e92c4e34aeb82e8c425ec1f11997c443614cb96dd5b2747599a42",
      "/Users/jeongyounglee/work/repo/desktop-monster/release/mac-arm64/DesMon.app/Contents/Resources/app.asar.unpacked/node_modules/uiohook-napi/prebuilds/win32-x64/uiohook-napi.node": "ee68f046628d2e4406d8aa85c6489ad06578b64a0e19ed64822bd22e7c473b85",
      "/Users/jeongyounglee/work/repo/desktop-monster/release/mac-arm64/DesMon.app/Contents/Resources/app.asar.unpacked/node_modules/uiohook-napi/src/lib/addon.c": "e8fbce3d54ecb92cd908832b2c12b5aa2625c62af7566e6f2b01fe3599f63a47",
      "/Users/jeongyounglee/work/repo/desktop-monster/release/mac-arm64/DesMon.app/Contents/Resources/app.asar.unpacked/node_modules/uiohook-napi/src/lib/napi_helpers.c": "04a8f6de366c6f82df91a90b07b8ebc009efc3a5ace2881b86cdc40e69625bea",
      "/Users/jeongyounglee/work/repo/desktop-monster/release/mac-arm64/DesMon.app/Contents/Resources/app.asar.unpacked/node_modules/uiohook-napi/src/lib/napi_helpers.h": "a3fb38e83a34d7978eb700ceee527c6b1e5f1b89cd21e25fc516cfbb08aa7cd8",
      "/Users/jeongyounglee/work/repo/desktop-monster/release/mac-arm64/DesMon.app/Contents/Resources/app.asar.unpacked/node_modules/uiohook-napi/src/lib/uiohook_worker.c": "29083d26828657f5c2d6f7924ae02cd168a11158ca651e0c13eacd73463256b4",
      "/Users/jeongyounglee/work/repo/desktop-monster/release/mac-arm64/DesMon.app/Contents/Resources/app.asar.unpacked/node_modules/uiohook-napi/src/lib/uiohook_worker.h": "f4dbc36bbaf5ef04d701365ea7e72a0f02f77537e9f517e6cc65ebc2f2776a0b",
      "/Users/jeongyounglee/work/repo/desktop-monster/release/mac-arm64/DesMon.app/Contents/Resources/electron.icns": "5a9a78d54c157f55672afea37037464858a87fd5f276fc8206787f366ed684cf"
    }
  },
  "log": "/Users/jeongyounglee/work/repo/desktop-monster/.agentdoc/v07-setup-20260911T122653Z/evidence/V07-07-1789264548185.log",
  "sha256": "48603bfa17d59e6bb258b4d0ff84de851ae24b27a8161df2ba77e7d2f18fd420",
  "ac": true,
  "at": "2026-09-13T01:56:16.441Z"
}

